Fecha_Vencimiento,Cantidad,Cod_Insumo,Cod_Proveedor,Cod_Almacen
21/01/2025,471,1,30,1
10/01/2025,133,1,41,1
8/01/2025,451,1,42,1
7/02/2025,282,2,6,1
23/01/2025,120,2,17,1
30/01/2025,405,2,39,1
9/01/2025,286,3,25,1
7/02/2025,210,4,15,1
12/02/2025,768,5,42,1
29/01/2025,535,5,6,1
22/01/2025,493,5,14,1
1/01/2025,212,6,31,1
26/01/2025,402,6,46,1
2/01/2025,295,7,32,1
9/02/2025,564,7,22,1
11/02/2025,519,8,27,1
30/01/2025,210,8,33,1
10/01/2025,134,8,7,1
10/01/2025,198,9,2,1
8/01/2025,417,9,35,1
14/01/2025,334,9,50,1
10/02/2025,295,10,17,1
1/02/2025,240,11,33,1
12/01/2025,305,11,42,1
18/01/2025,702,11,36,1
4/01/2025,511,12,26,1
11/01/2025,169,13,3,1
19/01/2025,123,13,16,1
16/01/2025,603,13,28,1
20/01/2025,552,14,4,1
3/01/2025,489,14,38,1
12/02/2025,129,14,29,1
12/02/2025,259,15,48,1
12/01/2025,121,15,45,1
4/02/2025,504,15,44,1
12/01/2025,687,15,9,1
13/01/2025,716,16,5,1
11/01/2025,449,16,6,1
16/01/2025,136,17,6,1
22/01/2025,579,18,16,1
30/01/2025,678,18,48,1
8/02/2025,557,18,14,1
22/01/2025,136,19,1,1
29/01/2025,631,19,30,1
22/01/2025,307,20,41,1
17/01/2025,748,21,15,1
13/01/2025,297,21,39,1
20/01/2025,690,21,3,1
27/01/2025,588,21,33,1
7/01/2025,425,21,41,1
16/01/2025,195,21,45,1
9/02/2025,403,22,22,1
19/01/2025,130,22,40,1
25/01/2025,511,22,1,1
31/01/2025,259,23,41,1
25/01/2025,668,23,32,1
2/02/2025,568,24,19,1
1/02/2025,449,25,35,1
7/01/2025,269,25,1,1
30/01/2025,760,25,49,1
2/01/2025,753,26,18,1
28/01/2025,240,27,42,1
16/01/2025,137,28,31,1
9/01/2025,715,28,28,1
9/02/2025,202,29,32,1
1/01/2025,259,30,48,1
13/01/2025,791,30,37,1
13/01/2025,402,30,11,1
31/01/2025,688,30,20,1
31/01/2025,564,30,8,1
2/02/2025,634,31,45,1
4/02/2025,434,32,45,1
24/01/2025,555,32,30,1
5/02/2025,542,32,15,1
3/02/2025,641,32,11,1
24/01/2025,150,33,23,1
1/02/2025,591,33,30,1
1/01/2025,722,33,5,1
22/01/2025,732,33,17,1
11/02/2025,325,33,27,1
9/02/2025,604,34,11,1
8/02/2025,359,35,20,1
10/02/2025,129,35,44,1
19/01/2025,745,35,48,1
3/01/2025,589,35,15,1
13/01/2025,635,36,22,1
15/01/2025,145,36,50,1
1/02/2025,507,36,41,1
9/02/2025,152,36,41,1
5/01/2025,429,36,10,1
7/01/2025,548,37,4,1
21/01/2025,627,37,4,1
21/01/2025,310,37,36,1
27/01/2025,361,38,29,1
4/01/2025,734,38,21,1
8/01/2025,456,39,6,1
3/01/2025,701,39,46,1
8/02/2025,130,40,42,1
6/01/2025,143,41,15,1
9/02/2025,279,42,46,1
30/01/2025,481,42,18,1
1/01/2025,341,42,5,1
12/01/2025,241,43,9,1
10/02/2025,533,43,7,1
7/01/2025,631,43,41,1
10/01/2025,180,44,41,1
15/01/2025,611,45,4,1
5/01/2025,760,45,5,1
2/02/2025,748,45,3,1
8/01/2025,410,46,12,1
10/02/2025,463,47,8,1
10/01/2025,484,48,26,1
4/01/2025,635,48,38,1
7/02/2025,503,48,4,1
4/01/2025,793,49,11,1
23/01/2025,509,49,6,1
24/01/2025,163,50,32,1
19/01/2025,500,50,9,1
5/01/2025,337,50,37,1
21/01/2025,300,50,31,1
26/01/2025,462,50,42,1
13/01/2025,602,51,45,1
9/01/2025,630,51,35,1
26/01/2025,594,52,3,1
28/01/2025,419,52,11,1
9/02/2025,690,53,42,1
5/02/2025,360,54,35,1
8/01/2025,283,55,9,1
3/01/2025,673,55,12,1
31/01/2025,628,56,32,1
6/02/2025,721,56,45,1
7/02/2025,742,57,35,1
17/01/2025,140,57,27,1
20/01/2025,149,57,17,1
13/01/2025,753,58,40,1
25/01/2025,613,59,25,1
16/01/2025,427,59,21,1
5/01/2025,276,59,15,1
3/02/2025,224,60,38,1
16/01/2025,353,60,28,1
6/01/2025,776,60,41,1
7/01/2025,124,61,5,1
20/01/2025,179,62,44,1
12/02/2025,795,63,39,1
10/01/2025,509,63,13,1
1/01/2025,252,63,22,1
9/01/2025,766,64,3,1
4/01/2025,170,64,40,1
2/01/2025,610,64,1,1
18/01/2025,106,65,7,1
23/01/2025,320,65,50,1
15/01/2025,266,66,19,1
11/02/2025,378,66,32,1
12/01/2025,323,67,22,1
19/01/2025,498,68,7,1
3/01/2025,229,68,7,1
1/02/2025,746,69,41,1
7/01/2025,530,69,3,1
11/01/2025,158,70,45,1
4/01/2025,531,70,44,1
3/01/2025,386,71,2,1
3/02/2025,758,71,5,1
5/01/2025,714,72,50,1
13/01/2025,466,72,2,1
16/01/2025,174,72,22,1
12/01/2025,619,73,36,1
2/01/2025,651,73,13,1
27/01/2025,344,74,9,1
25/01/2025,197,74,14,1
21/01/2025,347,74,7,1
22/01/2025,545,75,28,1
2/01/2025,465,75,26,1
22/01/2025,444,76,25,1
2/02/2025,793,76,39,1
11/02/2025,597,77,18,1
11/01/2025,294,77,43,1
8/02/2025,665,78,47,1
12/01/2025,263,79,16,1
11/02/2025,701,79,42,1
4/02/2025,636,79,12,1
5/01/2025,197,79,17,1
18/01/2025,180,80,31,1
6/01/2025,452,81,23,1
4/02/2025,333,81,15,1
7/01/2025,383,82,37,1
12/01/2025,308,82,14,1
25/01/2025,143,82,37,1
6/02/2025,197,83,26,1
2/01/2025,572,84,18,1
1/01/2025,412,84,46,1
17/01/2025,730,84,28,1
10/01/2025,346,85,31,1
9/02/2025,406,85,11,1
5/01/2025,600,86,30,1
25/01/2025,657,86,41,1
13/01/2025,367,86,39,1
11/02/2025,501,87,29,1
25/01/2025,462,87,4,1
26/01/2025,782,87,46,1
28/01/2025,205,88,34,1
16/01/2025,494,88,18,1
7/01/2025,765,89,18,1
17/01/2025,178,89,29,1
26/01/2025,602,90,45,1
20/01/2025,712,91,33,1
2/02/2025,725,91,43,1
16/01/2025,648,91,28,1
8/02/2025,686,92,6,1
19/01/2025,165,92,40,1
10/02/2025,176,93,7,1
17/01/2025,607,94,37,1
2/02/2025,468,94,20,1
21/01/2025,237,94,23,1
1/01/2025,652,95,22,1
8/01/2025,183,96,4,1
9/02/2025,800,96,38,1
3/01/2025,393,96,43,1
10/01/2025,592,96,25,1
6/02/2025,160,97,49,1
23/01/2025,275,97,16,1
12/01/2025,139,97,17,1
1/02/2025,149,98,38,1
28/01/2025,301,98,5,1
1/02/2025,757,98,18,1
18/01/2025,513,98,21,1
6/02/2025,381,99,7,1
3/01/2025,344,100,28,1
24/01/2025,570,100,2,1
4/01/2025,155,101,22,1
5/01/2025,797,101,19,1
3/02/2025,147,101,2,1
21/01/2025,579,101,8,1
5/01/2025,143,102,4,1
6/01/2025,176,102,10,1
4/01/2025,684,102,35,1
1/01/2025,451,103,2,1
4/02/2025,298,103,1,1
1/02/2025,760,104,8,1
29/01/2025,334,104,7,1
7/01/2025,562,104,34,1
6/01/2025,196,105,6,1
9/01/2025,293,105,25,1
24/01/2025,207,105,16,1
17/01/2025,277,105,42,1
9/01/2025,701,106,33,1
3/01/2025,217,106,30,1
2/01/2025,123,107,36,1
31/01/2025,652,107,31,1
4/02/2025,135,108,21,1
16/01/2025,755,108,50,1
3/02/2025,467,109,33,1
11/01/2025,309,110,9,1
16/01/2025,632,111,17,1
4/01/2025,621,111,19,1
22/01/2025,342,112,6,1
20/01/2025,151,112,13,1
5/02/2025,646,113,7,1
6/02/2025,740,113,38,1
17/01/2025,710,114,2,1
8/01/2025,546,114,16,1
21/01/2025,334,115,24,1
11/02/2025,695,115,6,1
5/02/2025,496,116,25,1
4/01/2025,315,116,42,1
3/01/2025,155,116,8,1
12/01/2025,467,117,2,1
5/02/2025,610,117,19,1
4/02/2025,605,118,30,1
5/02/2025,515,118,9,1
24/01/2025,116,118,34,1
27/01/2025,420,118,32,1
3/02/2025,186,119,18,1
7/01/2025,697,119,8,1
5/01/2025,519,120,15,1
1/01/2025,524,120,34,1
26/01/2025,647,120,15,1
3/01/2025,638,121,4,1
24/01/2025,118,122,49,1
6/01/2025,377,123,33,1
22/01/2025,342,123,31,1
3/01/2025,178,123,26,1
31/01/2025,192,124,34,1
2/02/2025,179,124,15,1
9/01/2025,300,125,44,1
25/01/2025,518,125,34,1
21/01/2025,599,126,48,1
6/01/2025,377,126,16,1
6/01/2025,378,126,30,1
13/01/2025,127,127,2,1
3/01/2025,189,128,23,1
2/01/2025,181,128,27,1
15/01/2025,643,129,2,1
6/01/2025,610,130,47,1
4/01/2025,753,130,15,1
7/02/2025,245,131,24,1
9/02/2025,546,132,34,1
2/01/2025,468,132,2,1
3/02/2025,715,132,10,1
3/01/2025,166,133,12,1
1/01/2025,687,133,10,1
12/01/2025,583,133,23,1
16/01/2025,485,133,2,1
3/01/2025,446,133,37,1
3/01/2025,610,134,27,1
10/01/2025,303,135,25,1
11/02/2025,283,135,21,1
18/01/2025,166,135,5,1
16/01/2025,492,135,45,1
7/01/2025,735,135,18,1
3/02/2025,457,136,47,1
8/01/2025,298,137,37,1
2/01/2025,542,138,34,1
31/01/2025,233,138,46,1
22/01/2025,529,139,45,1
4/02/2025,783,139,27,1
13/01/2025,745,139,18,1
10/01/2025,133,140,29,1
27/01/2025,755,140,38,1
12/02/2025,499,141,24,1
20/01/2025,257,142,24,1
23/01/2025,655,142,24,1
20/01/2025,614,143,13,1
31/01/2025,281,143,20,1
29/01/2025,392,144,5,1
12/01/2025,709,145,6,1
29/01/2025,328,145,9,1
20/01/2025,792,146,6,1
10/01/2025,408,146,4,1
18/01/2025,605,147,22,1
10/02/2025,747,147,6,1
27/01/2025,776,147,26,1
31/01/2025,297,147,19,1
12/01/2025,399,148,9,1
24/01/2025,306,148,6,1
6/02/2025,585,149,8,1
2/01/2025,421,149,22,1
21/01/2025,376,149,1,1
13/01/2025,200,149,45,1
16/01/2025,391,150,11,1
8/01/2025,776,150,11,1
20/01/2025,444,151,47,1
2/01/2025,121,151,2,1
19/01/2025,327,151,14,1
4/02/2025,383,151,48,1
4/01/2025,404,151,11,1
26/01/2025,150,152,5,1
14/01/2025,371,152,20,1
31/01/2025,798,153,30,1
23/01/2025,117,153,24,1
5/02/2025,410,153,30,1
9/02/2025,642,154,6,1
9/02/2025,270,154,32,1
6/02/2025,446,155,24,1
4/01/2025,780,156,40,1
10/02/2025,698,156,8,1
4/01/2025,157,157,11,1
11/01/2025,291,158,18,1
31/01/2025,534,158,40,1
25/01/2025,600,159,30,1
23/01/2025,666,159,39,1
30/01/2025,723,160,29,1
31/01/2025,739,160,34,1
1/02/2025,204,161,30,1
12/01/2025,608,162,48,1
11/01/2025,497,163,36,1
4/01/2025,409,163,19,1
18/01/2025,471,164,44,1
2/02/2025,114,164,46,1
1/01/2025,387,165,38,1
3/02/2025,394,165,38,1
10/02/2025,674,165,45,1
29/01/2025,355,165,30,1
12/01/2025,138,165,20,1
18/01/2025,653,165,45,1
3/01/2025,499,165,49,1
11/02/2025,222,166,2,1
16/01/2025,770,166,15,1
28/01/2025,152,167,30,1
6/02/2025,540,167,1,1
1/02/2025,534,168,25,1
13/01/2025,293,168,8,1
3/01/2025,478,168,48,1
6/01/2025,147,169,16,1
10/02/2025,298,169,4,1
7/01/2025,159,170,48,1
21/01/2025,246,170,3,1
10/02/2025,576,171,16,1
11/02/2025,552,171,40,1
12/01/2025,470,172,34,1
14/01/2025,425,172,33,1
28/01/2025,766,173,10,1
18/01/2025,146,173,12,1
8/02/2025,354,173,38,1
26/01/2025,351,174,12,1
12/01/2025,781,174,17,1
2/01/2025,517,175,38,1
29/01/2025,675,175,36,1
12/02/2025,741,175,11,1
20/01/2025,246,176,37,1
9/01/2025,316,177,8,1
5/02/2025,404,178,30,1
2/02/2025,303,178,34,1
30/01/2025,773,178,21,1
19/01/2025,161,179,2,1
1/01/2025,469,179,45,1
22/01/2025,120,180,6,1
12/01/2025,217,180,28,1
2/01/2025,499,180,35,1
16/01/2025,430,181,50,1
3/01/2025,165,182,45,1
6/01/2025,532,183,37,1
25/01/2025,303,184,4,1
12/01/2025,302,184,17,1
1/02/2025,188,185,20,1
18/01/2025,792,186,2,1
4/02/2025,582,187,44,1
7/01/2025,493,188,12,1
24/01/2025,726,189,45,1
14/01/2025,649,189,25,1
13/01/2025,172,190,22,1
15/01/2025,170,190,48,1
17/01/2025,621,190,30,1
11/01/2025,538,191,24,1
17/01/2025,715,191,18,1
12/02/2025,675,192,7,1
27/01/2025,408,193,11,1
6/01/2025,287,194,29,1
2/01/2025,764,194,30,1
28/01/2025,380,195,27,1
5/02/2025,111,196,3,1
1/01/2025,419,196,30,1
24/01/2025,413,196,36,1
23/01/2025,227,197,27,1
2/01/2025,603,197,25,1
7/01/2025,243,197,50,1
8/02/2025,706,198,39,1
12/02/2025,240,199,22,1
8/01/2025,415,200,49,1
24/01/2025,443,200,9,1
10/01/2025,237,200,49,1
4/02/2025,168,201,26,1
2/01/2025,328,201,48,1
8/01/2025,107,202,16,1
2/02/2025,750,202,38,1
23/01/2025,332,202,38,1
17/01/2025,457,202,39,1
28/01/2025,539,202,37,1
10/01/2025,133,203,7,1
16/01/2025,277,203,22,1
26/01/2025,455,203,18,1
10/01/2025,530,203,12,1
3/01/2025,121,204,5,1
7/01/2025,567,204,44,1
5/02/2025,366,205,26,1
25/01/2025,503,205,27,1
2/02/2025,136,206,26,1
2/01/2025,155,206,37,1
11/02/2025,451,206,12,1
7/01/2025,430,207,34,1
4/01/2025,154,207,2,1
10/02/2025,496,208,36,1
9/02/2025,122,208,29,1
3/01/2025,361,208,5,1
2/01/2025,408,209,45,1
16/01/2025,365,210,13,1
20/01/2025,601,211,40,1
9/02/2025,266,211,30,1
28/01/2025,424,211,9,1
7/01/2025,717,212,22,1
31/01/2025,463,212,1,1
11/02/2025,405,212,34,1
9/02/2025,325,213,40,1
3/02/2025,401,214,17,1
24/01/2025,788,215,14,1
25/01/2025,375,215,36,1
2/02/2025,360,215,49,1
4/01/2025,178,216,30,1
7/02/2025,126,217,23,1
2/01/2025,743,217,39,1
29/01/2025,163,217,19,1
24/01/2025,530,217,50,1
11/01/2025,578,218,34,1
9/01/2025,336,218,36,1
18/01/2025,275,219,35,1
5/01/2025,651,220,13,1
12/01/2025,742,220,13,1
7/01/2025,303,221,32,1
17/01/2025,677,221,50,1
4/01/2025,398,221,32,1
4/01/2025,583,222,12,1
9/02/2025,221,222,1,1
5/02/2025,312,223,35,1
2/02/2025,614,223,39,1
1/02/2025,588,224,20,1
20/01/2025,276,224,18,1
16/01/2025,574,224,25,1
4/02/2025,347,225,23,1
28/01/2025,116,225,34,1
21/01/2025,466,226,16,1
31/01/2025,202,226,2,1
9/02/2025,468,227,2,1
17/01/2025,335,227,3,1
6/01/2025,690,227,34,1
25/01/2025,296,228,43,1
7/01/2025,501,228,17,1
2/02/2025,731,228,38,1
8/01/2025,514,228,37,1
4/01/2025,290,229,5,1
2/01/2025,253,229,25,1
26/01/2025,562,230,7,1
5/02/2025,777,230,29,1
8/02/2025,788,230,33,1
5/01/2025,134,231,41,1
1/01/2025,417,231,41,1
9/01/2025,519,232,39,1
24/01/2025,564,233,28,1
25/01/2025,439,234,26,1
28/01/2025,145,234,45,1
12/02/2025,714,235,4,1
27/01/2025,490,236,50,1
10/01/2025,727,236,49,1
23/01/2025,146,236,44,1
7/02/2025,510,237,31,1
2/01/2025,433,237,29,1
7/01/2025,624,237,21,1
17/01/2025,522,237,6,1
21/01/2025,721,238,16,1
30/01/2025,697,238,14,1
26/01/2025,459,239,17,1
9/01/2025,121,239,6,1
29/01/2025,170,239,8,1
11/02/2025,345,240,38,1
10/01/2025,583,241,7,1
5/02/2025,373,241,22,1
2/01/2025,599,241,43,1
5/02/2025,747,242,48,1
16/01/2025,678,242,1,1
4/01/2025,468,242,21,1
6/02/2025,602,243,8,1
27/01/2025,668,243,21,1
29/01/2025,799,243,13,1
3/01/2025,309,244,46,1
11/01/2025,522,244,12,1
19/01/2025,472,244,22,1
18/01/2025,171,244,16,1
6/01/2025,434,245,10,1
5/02/2025,279,246,9,1
4/02/2025,267,247,15,1
31/01/2025,301,248,8,1
7/02/2025,353,248,27,1
20/01/2025,565,248,26,1
21/01/2025,621,249,6,1
12/02/2025,559,249,39,1
22/01/2025,260,249,11,1
30/01/2025,759,250,34,1
10/01/2025,656,251,46,1
23/01/2025,116,251,16,1
3/02/2025,314,252,20,1
10/01/2025,145,253,14,1
6/01/2025,263,253,17,1
8/01/2025,305,254,36,1
9/01/2025,571,254,44,1
6/01/2025,723,254,50,1
29/01/2025,390,255,44,1
7/01/2025,716,255,19,1
7/02/2025,513,255,26,1
10/01/2025,668,256,23,1
1/01/2025,300,256,23,1
21/01/2025,630,256,20,1
8/02/2025,695,257,11,1
17/01/2025,278,257,40,1
4/01/2025,224,258,19,1
19/01/2025,288,258,11,1
10/02/2025,161,259,49,1
12/02/2025,587,259,25,1
16/01/2025,463,259,50,1
11/02/2025,730,260,23,1
17/01/2025,256,261,14,1
23/01/2025,800,262,41,1
1/01/2025,387,263,39,1
18/01/2025,469,264,28,1
28/01/2025,684,264,14,1
24/01/2025,785,265,11,1
1/02/2025,671,265,32,1
29/01/2025,416,266,39,1
6/02/2025,609,266,16,1
2/02/2025,223,267,10,1
23/01/2025,399,268,26,1
1/02/2025,270,268,26,1
14/01/2025,521,268,50,1
4/02/2025,322,269,39,1
4/01/2025,573,269,25,1
27/01/2025,260,270,27,1
8/01/2025,668,271,24,1
19/01/2025,370,271,10,1
14/01/2025,250,271,26,1
18/01/2025,493,272,3,1
10/02/2025,794,273,45,1
28/01/2025,754,273,2,1
15/01/2025,670,273,30,1
24/01/2025,263,273,40,1
11/02/2025,538,274,27,1
9/01/2025,636,275,46,1
6/02/2025,280,275,24,1
22/01/2025,663,276,11,1
8/02/2025,658,276,5,1
4/02/2025,526,277,3,1
6/02/2025,462,277,36,1
13/01/2025,491,278,17,1
2/01/2025,239,278,49,1
18/01/2025,142,278,21,1
30/01/2025,357,279,6,1
3/01/2025,183,279,13,1
4/02/2025,790,280,43,1
12/02/2025,598,280,26,1
10/02/2025,780,280,38,1
24/01/2025,236,280,45,1
24/01/2025,665,280,24,1
16/01/2025,662,280,7,1
6/01/2025,776,280,32,1
6/01/2025,452,281,32,1
5/02/2025,367,282,13,1
3/01/2025,491,282,31,1
1/01/2025,181,282,15,1
16/01/2025,602,282,36,1
5/02/2025,536,283,15,1
4/01/2025,369,283,2,1
19/01/2025,530,284,40,1
17/01/2025,730,284,45,1
11/02/2025,222,285,49,1
14/01/2025,534,286,1,1
11/02/2025,700,286,39,1
10/02/2025,702,286,6,1
14/01/2025,525,287,17,1
10/02/2025,200,287,48,1
8/02/2025,156,287,12,1
14/01/2025,206,288,15,1
3/02/2025,730,289,21,1
12/02/2025,538,289,50,1
16/01/2025,166,289,8,1
13/01/2025,484,289,11,1
7/02/2025,266,290,17,1
9/02/2025,506,290,29,1
5/02/2025,461,291,45,1
21/01/2025,787,291,3,1
8/01/2025,534,292,17,1
19/01/2025,297,292,22,1
28/01/2025,314,292,4,1
17/01/2025,595,293,44,1
11/02/2025,683,293,5,1
8/02/2025,487,293,29,1
9/01/2025,250,294,18,1
2/01/2025,740,294,33,1
28/01/2025,339,294,34,1
27/01/2025,598,294,28,1
9/02/2025,204,295,18,1
15/01/2025,303,296,20,1
10/02/2025,296,296,40,1
11/02/2025,694,297,3,1
29/01/2025,248,298,29,1
31/01/2025,623,298,4,1
18/01/2025,314,298,17,1
9/02/2025,256,299,41,1
7/01/2025,129,300,8,1
21/01/2025,389,300,19,1
10/01/2025,715,301,22,1
2/01/2025,234,301,27,1
6/01/2025,403,301,2,1
1/01/2025,324,302,7,1
16/01/2025,293,303,23,1
17/01/2025,738,304,49,1
29/01/2025,456,304,29,1
1/01/2025,514,304,9,1
11/02/2025,508,304,50,1
1/01/2025,499,304,22,1
7/02/2025,705,305,19,1
7/02/2025,704,306,25,1
5/01/2025,309,307,31,1
9/02/2025,678,307,15,1
17/01/2025,277,308,46,1
21/01/2025,783,308,18,1
9/01/2025,229,309,34,1
18/01/2025,431,309,30,1
9/01/2025,786,310,14,1
7/02/2025,264,310,17,1
10/02/2025,794,310,42,1
12/01/2025,669,310,26,1
11/02/2025,144,311,25,1
19/01/2025,669,312,45,1
10/01/2025,610,312,35,1
31/01/2025,796,313,22,1
26/01/2025,767,314,25,1
11/01/2025,393,314,37,1
8/01/2025,184,315,8,1
1/02/2025,216,315,44,1
6/01/2025,440,316,17,1
4/02/2025,540,316,42,1
28/01/2025,422,317,49,1
10/01/2025,138,318,18,1
22/01/2025,794,318,20,1
4/02/2025,290,318,49,1
8/01/2025,575,319,38,1
22/01/2025,549,319,24,1
18/01/2025,134,320,16,1
6/02/2025,114,321,38,1
23/01/2025,794,322,41,1
24/01/2025,614,322,14,1
10/02/2025,287,322,45,1
19/01/2025,546,322,42,1
12/02/2025,561,322,44,1
11/02/2025,537,323,25,1
28/01/2025,300,323,28,1
9/02/2025,343,324,6,1
2/01/2025,791,325,18,1
28/01/2025,141,326,9,1
4/02/2025,336,326,37,1
9/01/2025,630,326,41,1
2/01/2025,559,327,50,1
1/02/2025,610,328,17,1
6/02/2025,383,328,42,1
19/01/2025,192,328,35,1
1/01/2025,608,329,43,1
19/01/2025,252,329,14,1
31/01/2025,113,329,35,1
29/01/2025,413,329,7,1
5/02/2025,709,330,43,1
17/01/2025,650,331,25,1
5/01/2025,193,332,28,1
17/01/2025,324,332,24,1
12/02/2025,184,333,17,1
12/01/2025,279,334,24,1
6/02/2025,406,334,37,1
21/01/2025,738,334,46,1
2/02/2025,493,335,50,1
14/01/2025,670,336,38,1
24/01/2025,163,336,50,1
19/01/2025,614,336,6,1
16/01/2025,464,337,3,1
15/01/2025,376,337,35,1
26/01/2025,122,337,25,1
5/01/2025,333,338,13,1
30/01/2025,283,338,23,1
27/01/2025,800,339,33,1
21/01/2025,637,340,32,1
14/01/2025,267,340,39,1
28/01/2025,410,340,8,1
11/01/2025,524,340,44,1
22/01/2025,414,340,42,1
4/01/2025,742,341,16,1
19/01/2025,657,342,12,1
22/01/2025,506,343,14,1
3/02/2025,512,344,20,1
8/02/2025,621,344,2,1
1/01/2025,372,344,44,1
10/02/2025,638,345,11,1
25/01/2025,672,345,10,1
28/01/2025,523,346,23,1
13/01/2025,618,347,11,1
24/01/2025,675,347,3,1
6/01/2025,580,348,46,1
10/02/2025,619,348,42,1
10/01/2025,379,349,43,1
16/01/2025,431,349,34,1
4/01/2025,257,350,21,1
21/01/2025,633,350,21,1
2/01/2025,146,351,35,1
20/01/2025,409,351,48,1
25/01/2025,597,352,33,1
21/01/2025,509,353,14,1
9/01/2025,353,353,43,1
2/02/2025,712,354,28,1
27/01/2025,283,354,12,1
6/01/2025,764,354,17,1
8/01/2025,245,355,28,1
12/02/2025,202,356,39,1
16/01/2025,783,357,18,1
7/02/2025,557,357,48,1
17/01/2025,112,358,32,1
26/01/2025,614,359,16,1
29/01/2025,725,359,44,1
4/02/2025,362,360,25,1
8/02/2025,250,360,2,1
10/01/2025,366,360,27,1
21/01/2025,759,361,15,1
4/01/2025,435,361,32,1
3/01/2025,561,362,2,1
26/01/2025,669,362,32,1
7/02/2025,693,363,44,1
18/01/2025,401,363,1,1
19/01/2025,288,363,37,1
6/02/2025,459,364,20,1
30/01/2025,498,365,34,1
10/01/2025,770,365,33,1
12/01/2025,586,365,25,1
15/01/2025,620,366,5,1
18/01/2025,557,366,33,1
16/01/2025,654,367,50,1
7/01/2025,644,367,26,1
31/01/2025,175,368,21,1
5/01/2025,711,368,32,1
22/01/2025,176,369,30,1
11/02/2025,636,369,24,1
4/02/2025,426,369,24,1
20/01/2025,586,369,6,1
2/02/2025,598,370,46,1
5/01/2025,420,370,12,1
14/01/2025,145,370,37,1
24/01/2025,618,370,17,1
25/01/2025,399,370,13,1
19/01/2025,404,371,22,1
1/01/2025,717,372,46,1
3/02/2025,649,372,2,1
16/01/2025,324,372,19,1
3/01/2025,159,373,13,1
16/01/2025,296,374,35,1
29/01/2025,513,374,43,1
30/01/2025,134,375,32,1
22/01/2025,409,376,44,1
11/02/2025,359,376,9,1
11/02/2025,350,376,18,1
1/02/2025,296,377,16,1
11/01/2025,307,377,2,1
7/02/2025,456,378,38,1
12/02/2025,169,378,48,1
3/01/2025,552,379,37,1
6/02/2025,483,379,16,1
11/02/2025,165,379,38,1
9/02/2025,800,379,30,1
9/01/2025,361,380,6,1
13/01/2025,507,380,26,1
3/01/2025,243,381,42,1
11/02/2025,376,381,14,1
27/01/2025,175,381,27,1
6/02/2025,545,382,23,1
7/02/2025,398,383,3,1
2/01/2025,104,383,41,1
10/01/2025,767,383,18,1
2/02/2025,586,383,5,1
31/01/2025,420,384,17,1
12/02/2025,659,385,4,1
21/01/2025,709,386,26,1
19/01/2025,291,386,33,1
18/01/2025,737,386,25,1
4/01/2025,627,386,31,1
7/02/2025,257,387,44,1
23/01/2025,186,387,6,1
9/02/2025,232,388,41,1
12/01/2025,642,389,8,1
28/01/2025,453,390,24,1
10/01/2025,644,390,21,1
15/01/2025,271,390,46,1
31/01/2025,420,391,25,1
26/01/2025,117,391,8,1
8/01/2025,208,392,16,1
8/01/2025,307,392,8,1
7/01/2025,273,392,45,1
5/01/2025,625,392,48,1
13/01/2025,291,393,18,1
6/01/2025,611,393,9,1
11/01/2025,656,394,7,1
17/01/2025,562,394,1,1
10/01/2025,151,395,24,1
14/01/2025,638,395,20,1
6/01/2025,650,395,26,1
4/02/2025,187,395,23,1
27/01/2025,444,396,9,1
15/01/2025,242,396,47,1
7/02/2025,152,397,19,1
4/02/2025,595,397,15,1
9/02/2025,449,398,15,1
5/02/2025,172,398,21,1
15/01/2025,797,398,3,1
16/01/2025,736,399,47,1
8/02/2025,596,399,40,1
12/01/2025,261,400,34,1
5/01/2025,261,401,10,1
29/01/2025,458,401,3,1
11/02/2025,615,402,18,1
18/01/2025,184,403,4,1
15/01/2025,656,403,25,1
26/01/2025,771,404,43,1
20/01/2025,716,404,2,1
12/02/2025,479,405,34,1
28/01/2025,540,405,17,1
3/02/2025,193,405,13,1
9/02/2025,191,406,32,1
11/02/2025,142,406,33,1
7/01/2025,761,407,46,1
22/01/2025,227,407,21,1
16/01/2025,435,408,22,1
6/02/2025,402,408,6,1
2/02/2025,180,408,37,1
30/01/2025,296,408,31,1
12/02/2025,702,409,45,1
18/01/2025,633,410,32,1
5/02/2025,428,410,42,1
27/01/2025,527,411,26,1
6/02/2025,687,411,49,1
15/01/2025,493,412,25,1
15/01/2025,199,413,31,1
5/02/2025,776,414,26,1
15/01/2025,373,414,45,1
24/01/2025,402,414,7,1
3/02/2025,621,415,9,1
8/01/2025,451,415,16,1
8/01/2025,638,415,16,1
7/02/2025,792,415,49,1
29/01/2025,507,416,37,1
7/01/2025,726,417,38,1
24/01/2025,243,418,18,1
12/02/2025,585,418,39,1
8/02/2025,733,419,37,1
15/01/2025,284,419,5,1
30/01/2025,744,420,2,1
27/01/2025,601,421,48,1
9/01/2025,756,422,9,1
2/02/2025,386,422,37,1
19/01/2025,463,423,1,1
7/02/2025,282,423,29,1
8/02/2025,276,424,17,1
31/01/2025,724,424,21,1
15/01/2025,233,424,4,1
12/01/2025,286,424,30,1
9/01/2025,614,425,37,1
18/01/2025,613,426,13,1
6/01/2025,463,427,27,1
29/01/2025,260,427,46,1
1/02/2025,107,428,45,1
2/01/2025,481,429,33,1
6/01/2025,679,429,50,1
3/02/2025,263,430,2,1
15/01/2025,524,430,21,1
19/01/2025,148,430,41,1
29/01/2025,323,431,25,1
3/02/2025,652,431,5,1
5/02/2025,392,431,37,1
8/02/2025,132,431,27,1
18/01/2025,510,432,45,1
17/01/2025,337,433,1,1
12/02/2025,123,433,34,1
10/01/2025,260,434,41,1
13/01/2025,488,435,21,1
28/01/2025,386,436,3,1
2/02/2025,197,436,29,1
27/01/2025,488,436,1,1
7/02/2025,328,436,29,1
29/01/2025,382,437,19,1
10/02/2025,348,437,29,1
7/02/2025,407,438,19,1
22/01/2025,195,439,15,1
22/01/2025,249,440,11,1
3/02/2025,628,441,27,1
24/01/2025,197,441,30,1
12/02/2025,617,442,6,1
29/01/2025,214,442,12,1
16/01/2025,194,443,22,1
31/01/2025,786,444,18,1
17/01/2025,549,444,36,1
11/01/2025,580,445,33,1
16/01/2025,694,445,38,1
27/01/2025,527,445,27,1
11/02/2025,248,446,31,1
30/01/2025,589,446,50,1
11/02/2025,422,446,15,1
7/02/2025,242,446,27,1
29/01/2025,761,447,38,1
31/01/2025,550,447,47,1
11/01/2025,152,447,7,1
11/01/2025,274,447,23,1
7/02/2025,320,447,44,1
7/01/2025,526,448,13,1
7/02/2025,410,448,28,1
12/01/2025,446,448,2,1
15/01/2025,160,449,1,1
17/01/2025,311,449,30,1
31/01/2025,140,449,30,1
23/01/2025,264,449,29,1
31/01/2025,506,450,44,1
8/01/2025,776,450,5,1
7/02/2025,379,450,50,1
25/01/2025,661,450,28,1
3/02/2025,153,451,22,1
8/01/2025,695,451,7,1
3/02/2025,173,451,12,1
28/01/2025,240,451,5,1
3/01/2025,737,452,32,1
1/01/2025,440,452,2,1
30/01/2025,549,452,32,1
22/01/2025,183,453,16,1
21/01/2025,625,453,14,1
18/01/2025,727,453,49,1
19/01/2025,199,454,21,1
8/01/2025,291,454,20,1
4/01/2025,764,454,49,1
9/02/2025,591,454,27,1
8/02/2025,781,455,12,1
11/01/2025,254,455,22,1
16/01/2025,563,455,7,1
15/01/2025,757,456,49,1
10/01/2025,611,456,42,1
26/01/2025,735,1,22,2
20/01/2025,672,1,19,2
6/02/2025,206,1,38,2
22/01/2025,513,2,22,2
6/01/2025,656,2,43,2
8/01/2025,131,2,24,2
29/01/2025,431,3,31,2
6/02/2025,779,4,22,2
7/02/2025,744,5,38,2
8/01/2025,761,5,17,2
22/01/2025,585,5,48,2
24/01/2025,626,6,5,2
3/01/2025,260,6,50,2
4/02/2025,617,7,16,2
5/01/2025,742,7,38,2
5/02/2025,328,8,11,2
25/01/2025,122,8,3,2
12/02/2025,257,8,33,2
29/01/2025,562,9,43,2
16/01/2025,588,9,9,2
5/02/2025,506,9,23,2
2/01/2025,109,10,28,2
13/01/2025,781,11,9,2
19/01/2025,560,11,34,2
6/02/2025,683,11,23,2
9/01/2025,731,12,24,2
27/01/2025,663,13,48,2
1/02/2025,443,13,23,2
6/01/2025,330,13,20,2
27/01/2025,410,14,25,2
26/01/2025,566,14,28,2
9/01/2025,615,14,5,2
4/01/2025,298,15,17,2
3/02/2025,286,15,33,2
11/02/2025,641,15,6,2
9/01/2025,797,15,6,2
12/01/2025,569,16,40,2
2/01/2025,156,16,17,2
13/01/2025,322,17,14,2
11/02/2025,792,18,20,2
6/02/2025,495,18,39,2
20/01/2025,315,18,6,2
26/01/2025,782,19,6,2
11/01/2025,464,19,30,2
11/02/2025,744,20,20,2
22/01/2025,698,21,1,2
1/02/2025,668,21,22,2
12/01/2025,587,21,21,2
16/01/2025,253,21,16,2
10/02/2025,612,21,14,2
19/01/2025,634,21,49,2
24/01/2025,548,22,44,2
6/01/2025,781,22,16,2
24/01/2025,103,22,35,2
4/01/2025,204,23,27,2
7/01/2025,463,23,23,2
16/01/2025,581,24,25,2
10/01/2025,603,25,34,2
28/01/2025,569,25,18,2
5/02/2025,685,25,48,2
16/01/2025,759,26,12,2
6/02/2025,188,27,37,2
31/01/2025,348,28,7,2
22/01/2025,251,28,38,2
14/01/2025,203,29,19,2
4/02/2025,446,30,1,2
11/02/2025,387,30,23,2
9/01/2025,365,30,27,2
28/01/2025,696,30,33,2
24/01/2025,657,30,40,2
16/01/2025,284,31,4,2
9/01/2025,689,32,27,2
20/01/2025,786,32,8,2
7/02/2025,777,32,31,2
9/01/2025,576,32,7,2
24/01/2025,209,33,18,2
3/01/2025,302,33,3,2
12/01/2025,326,33,31,2
28/01/2025,476,33,26,2
20/01/2025,515,33,22,2
24/01/2025,577,34,22,2
25/01/2025,311,35,4,2
4/02/2025,571,35,13,2
10/01/2025,437,35,24,2
9/02/2025,422,35,24,2
10/01/2025,547,36,14,2
12/01/2025,730,36,35,2
12/01/2025,129,36,34,2
12/02/2025,204,36,23,2
18/01/2025,230,36,26,2
25/01/2025,500,37,27,2
29/01/2025,557,37,46,2
29/01/2025,677,37,37,2
8/02/2025,668,38,20,2
4/02/2025,216,38,47,2
28/01/2025,761,39,35,2
19/01/2025,793,39,3,2
26/01/2025,402,40,4,2
10/01/2025,388,41,22,2
8/02/2025,390,42,26,2
3/01/2025,392,42,32,2
4/02/2025,204,42,41,2
2/01/2025,763,43,22,2
18/01/2025,720,43,24,2
7/01/2025,704,43,24,2
24/01/2025,758,44,20,2
9/01/2025,216,45,45,2
12/01/2025,437,45,33,2
17/01/2025,793,45,43,2
23/01/2025,273,46,19,2
20/01/2025,752,47,27,2
31/01/2025,751,48,23,2
27/01/2025,150,48,47,2
27/01/2025,571,48,46,2
4/02/2025,753,49,20,2
4/02/2025,339,49,48,2
1/02/2025,193,50,48,2
1/02/2025,773,50,47,2
4/02/2025,259,50,32,2
11/02/2025,330,50,30,2
21/01/2025,187,50,41,2
8/02/2025,450,51,47,2
1/01/2025,422,51,26,2
8/02/2025,208,52,44,2
27/01/2025,717,52,26,2
4/02/2025,419,53,18,2
1/02/2025,125,54,33,2
9/01/2025,761,55,24,2
9/01/2025,643,55,6,2
17/01/2025,482,56,12,2
13/01/2025,618,56,3,2
12/02/2025,422,57,1,2
10/01/2025,629,57,24,2
6/01/2025,765,57,32,2
26/01/2025,444,58,22,2
8/01/2025,643,59,10,2
1/01/2025,123,59,16,2
26/01/2025,221,59,17,2
16/01/2025,779,60,15,2
20/01/2025,615,60,44,2
27/01/2025,215,60,8,2
23/01/2025,186,61,5,2
18/01/2025,384,62,26,2
1/01/2025,562,63,44,2
22/01/2025,229,63,18,2
1/02/2025,772,63,15,2
11/01/2025,335,64,26,2
27/01/2025,798,64,41,2
28/01/2025,482,64,32,2
7/02/2025,505,65,24,2
5/01/2025,584,65,15,2
15/01/2025,422,66,45,2
20/01/2025,360,66,9,2
25/01/2025,104,67,43,2
15/01/2025,517,68,15,2
13/01/2025,407,68,31,2
13/01/2025,172,69,33,2
21/01/2025,387,69,16,2
10/01/2025,630,70,33,2
13/01/2025,521,70,4,2
25/01/2025,266,71,18,2
8/01/2025,711,71,32,2
19/01/2025,440,72,21,2
17/01/2025,572,72,29,2
11/01/2025,479,72,30,2
5/01/2025,215,73,10,2
3/01/2025,408,73,4,2
8/02/2025,770,74,18,2
2/01/2025,261,74,7,2
17/01/2025,670,74,5,2
14/01/2025,659,75,13,2
19/01/2025,585,75,49,2
3/01/2025,191,76,43,2
21/01/2025,366,76,19,2
6/02/2025,142,77,43,2
27/01/2025,418,77,33,2
25/01/2025,664,78,40,2
10/02/2025,725,79,1,2
31/01/2025,142,79,30,2
13/01/2025,581,79,50,2
4/02/2025,266,79,19,2
7/01/2025,146,80,47,2
31/01/2025,637,81,46,2
11/02/2025,471,81,40,2
24/01/2025,348,82,7,2
25/01/2025,371,82,17,2
31/01/2025,761,82,31,2
10/02/2025,160,83,30,2
11/02/2025,220,84,48,2
9/02/2025,181,84,39,2
31/01/2025,618,84,10,2
1/02/2025,227,85,17,2
25/01/2025,740,85,23,2
10/01/2025,154,86,50,2
6/01/2025,319,86,8,2
6/01/2025,374,86,4,2
22/01/2025,592,87,18,2
15/01/2025,791,87,6,2
2/01/2025,666,87,43,2
4/02/2025,188,88,20,2
1/01/2025,260,88,45,2
12/01/2025,650,89,17,2
6/01/2025,574,89,3,2
24/01/2025,706,90,28,2
3/02/2025,606,91,5,2
4/02/2025,261,91,42,2
12/02/2025,319,91,7,2
3/02/2025,507,92,50,2
25/01/2025,572,92,30,2
13/01/2025,380,93,47,2
17/01/2025,633,94,33,2
29/01/2025,570,94,26,2
2/02/2025,455,94,16,2
1/02/2025,110,95,15,2
14/01/2025,657,96,11,2
3/01/2025,278,96,12,2
24/01/2025,614,96,28,2
6/01/2025,127,96,27,2
10/02/2025,584,97,29,2
16/01/2025,348,97,28,2
15/01/2025,393,97,32,2
2/01/2025,277,98,15,2
11/02/2025,526,98,38,2
20/01/2025,720,98,7,2
21/01/2025,324,98,48,2
22/01/2025,699,99,8,2
2/01/2025,232,100,10,2
29/01/2025,238,100,15,2
29/01/2025,186,101,5,2
12/01/2025,469,101,4,2
11/02/2025,225,101,48,2
2/02/2025,637,101,40,2
25/01/2025,604,102,21,2
8/01/2025,644,102,50,2
9/02/2025,214,102,35,2
24/01/2025,243,103,27,2
13/01/2025,128,103,10,2
16/01/2025,178,104,11,2
23/01/2025,467,104,7,2
17/01/2025,325,104,6,2
6/01/2025,414,105,3,2
4/02/2025,639,105,35,2
7/01/2025,275,105,5,2
3/01/2025,657,105,14,2
24/01/2025,734,106,27,2
10/01/2025,223,106,44,2
4/01/2025,400,107,30,2
12/01/2025,258,107,39,2
6/02/2025,189,108,2,2
2/02/2025,593,108,10,2
3/01/2025,472,109,4,2
7/02/2025,386,110,46,2
30/01/2025,131,111,3,2
29/01/2025,517,111,31,2
18/01/2025,547,112,48,2
5/01/2025,356,112,10,2
11/01/2025,271,113,5,2
8/02/2025,567,113,18,2
10/02/2025,595,114,5,2
8/01/2025,745,114,19,2
28/01/2025,474,115,37,2
25/01/2025,628,115,27,2
7/01/2025,528,116,26,2
6/02/2025,358,116,50,2
3/02/2025,302,116,21,2
5/01/2025,698,117,17,2
28/01/2025,435,117,19,2
23/01/2025,673,118,49,2
26/01/2025,591,118,8,2
1/02/2025,325,118,3,2
1/01/2025,114,118,6,2
26/01/2025,236,119,26,2
23/01/2025,395,119,40,2
11/02/2025,747,120,5,2
26/01/2025,193,120,5,2
2/02/2025,590,120,9,2
14/01/2025,246,121,43,2
3/02/2025,712,122,21,2
9/02/2025,676,123,26,2
14/01/2025,530,123,15,2
2/02/2025,695,123,1,2
11/01/2025,106,124,39,2
6/02/2025,142,124,17,2
11/01/2025,406,125,36,2
4/02/2025,164,125,1,2
10/01/2025,449,126,45,2
19/01/2025,135,126,36,2
1/01/2025,693,126,11,2
1/02/2025,708,127,38,2
12/01/2025,268,128,23,2
19/01/2025,591,128,14,2
7/01/2025,199,129,40,2
14/01/2025,262,130,44,2
19/01/2025,300,130,37,2
26/01/2025,569,131,6,2
22/01/2025,654,132,21,2
5/02/2025,665,132,32,2
2/01/2025,465,132,25,2
6/02/2025,565,133,5,2
10/01/2025,567,133,44,2
6/01/2025,177,133,45,2
2/02/2025,321,133,14,2
27/01/2025,432,133,20,2
8/02/2025,719,134,18,2
14/01/2025,764,135,22,2
15/01/2025,471,135,37,2
3/01/2025,586,135,48,2
2/02/2025,139,135,45,2
1/01/2025,754,135,45,2
15/01/2025,208,136,20,2
9/02/2025,309,137,50,2
1/01/2025,668,138,36,2
9/01/2025,490,138,35,2
12/02/2025,666,139,35,2
5/02/2025,176,139,32,2
12/01/2025,218,139,47,2
15/01/2025,751,140,34,2
10/01/2025,457,140,37,2
7/01/2025,748,141,8,2
7/01/2025,267,142,20,2
13/01/2025,430,142,33,2
21/01/2025,709,143,50,2
6/01/2025,760,143,33,2
3/02/2025,176,144,21,2
12/01/2025,600,145,3,2
2/02/2025,324,145,38,2
21/01/2025,450,146,9,2
10/02/2025,182,146,46,2
12/02/2025,158,147,33,2
6/01/2025,737,147,36,2
19/01/2025,658,147,47,2
1/01/2025,669,147,5,2
7/02/2025,480,148,37,2
15/01/2025,508,148,8,2
13/01/2025,323,149,38,2
5/01/2025,270,149,8,2
18/01/2025,669,149,37,2
31/01/2025,627,149,44,2
26/01/2025,252,150,18,2
17/01/2025,516,150,29,2
1/02/2025,188,151,37,2
24/01/2025,448,151,26,2
25/01/2025,125,151,10,2
7/01/2025,109,151,15,2
11/01/2025,372,151,35,2
9/02/2025,199,152,5,2
12/01/2025,221,152,37,2
2/02/2025,209,153,38,2
6/02/2025,299,153,26,2
16/01/2025,448,153,2,2
19/01/2025,465,154,36,2
21/01/2025,347,154,5,2
6/02/2025,773,155,44,2
20/01/2025,531,156,23,2
17/01/2025,114,156,15,2
19/01/2025,660,157,34,2
20/01/2025,285,158,3,2
2/02/2025,556,158,46,2
21/01/2025,482,159,18,2
25/01/2025,152,159,9,2
16/01/2025,283,160,13,2
20/01/2025,146,160,12,2
14/01/2025,431,161,34,2
10/01/2025,777,162,42,2
11/02/2025,718,163,49,2
24/01/2025,523,163,38,2
16/01/2025,636,164,21,2
26/01/2025,731,164,14,2
25/01/2025,533,165,30,2
3/01/2025,516,165,12,2
22/01/2025,616,165,35,2
18/01/2025,274,165,13,2
7/01/2025,763,165,29,2
24/01/2025,293,165,31,2
9/02/2025,268,165,17,2
11/01/2025,367,166,17,2
1/02/2025,692,166,2,2
17/01/2025,262,167,43,2
29/01/2025,119,167,16,2
31/01/2025,710,168,20,2
8/01/2025,272,168,31,2
12/02/2025,487,168,11,2
2/02/2025,171,169,32,2
24/01/2025,797,169,11,2
24/01/2025,405,170,49,2
2/02/2025,420,170,42,2
10/02/2025,524,171,6,2
25/01/2025,542,171,4,2
10/02/2025,772,172,49,2
7/02/2025,439,172,17,2
4/02/2025,323,173,48,2
25/01/2025,651,173,13,2
8/02/2025,270,173,9,2
22/01/2025,642,174,28,2
11/01/2025,634,174,22,2
12/01/2025,230,175,19,2
2/02/2025,402,175,9,2
28/01/2025,165,175,25,2
8/01/2025,122,176,35,2
14/01/2025,484,177,7,2
3/02/2025,795,178,15,2
14/01/2025,138,178,10,2
6/01/2025,589,178,39,2
24/01/2025,335,179,47,2
1/02/2025,213,179,50,2
9/01/2025,262,180,14,2
9/02/2025,777,180,29,2
16/01/2025,587,180,18,2
1/01/2025,189,181,1,2
22/01/2025,502,182,8,2
27/01/2025,113,183,21,2
17/01/2025,337,184,44,2
3/01/2025,611,184,26,2
6/02/2025,663,185,41,2
7/02/2025,127,186,9,2
25/01/2025,692,187,46,2
1/01/2025,710,188,22,2
14/01/2025,398,189,37,2
23/01/2025,452,189,4,2
10/01/2025,444,190,41,2
30/01/2025,392,190,38,2
12/01/2025,485,190,47,2
21/01/2025,259,191,47,2
29/01/2025,427,191,9,2
3/02/2025,538,192,16,2
11/01/2025,438,193,19,2
4/02/2025,575,194,50,2
16/01/2025,720,194,26,2
12/02/2025,258,195,28,2
25/01/2025,473,196,40,2
17/01/2025,155,196,44,2
11/01/2025,639,196,49,2
10/02/2025,765,197,34,2
21/01/2025,497,197,42,2
20/01/2025,470,197,36,2
17/01/2025,374,198,26,2
2/01/2025,509,199,18,2
22/01/2025,526,200,48,2
9/02/2025,698,200,25,2
4/01/2025,503,200,50,2
13/01/2025,327,201,24,2
22/01/2025,402,201,7,2
13/01/2025,342,202,27,2
13/01/2025,713,202,35,2
20/01/2025,559,202,41,2
4/01/2025,629,202,10,2
2/02/2025,629,202,18,2
2/02/2025,134,203,38,2
11/02/2025,667,203,12,2
2/01/2025,350,203,49,2
26/01/2025,145,203,13,2
20/01/2025,746,204,26,2
12/02/2025,195,204,17,2
23/01/2025,285,205,44,2
6/02/2025,266,205,20,2
2/02/2025,546,206,18,2
25/01/2025,481,206,11,2
25/01/2025,220,206,40,2
28/01/2025,318,207,38,2
20/01/2025,266,207,20,2
11/02/2025,282,208,6,2
3/01/2025,697,208,31,2
12/01/2025,115,208,17,2
2/02/2025,347,209,5,2
26/01/2025,787,210,40,2
3/02/2025,436,211,33,2
8/02/2025,718,211,42,2
16/01/2025,543,211,15,2
30/01/2025,692,212,13,2
7/01/2025,712,212,3,2
16/01/2025,447,212,17,2
18/01/2025,314,213,28,2
8/02/2025,196,214,28,2
8/01/2025,660,215,28,2
17/01/2025,404,215,33,2
20/01/2025,357,215,4,2
10/02/2025,199,216,15,2
4/02/2025,252,217,5,2
12/02/2025,650,217,46,2
10/01/2025,578,217,34,2
28/01/2025,768,217,47,2
27/01/2025,335,218,48,2
1/01/2025,498,218,24,2
26/01/2025,615,219,38,2
12/02/2025,250,220,49,2
2/01/2025,156,220,21,2
2/02/2025,149,221,27,2
5/01/2025,126,221,15,2
5/02/2025,565,221,42,2
21/01/2025,733,222,47,2
9/01/2025,705,222,38,2
2/01/2025,135,223,33,2
12/01/2025,324,223,27,2
4/01/2025,733,224,15,2
29/01/2025,601,224,21,2
9/01/2025,309,224,19,2
4/01/2025,671,225,6,2
4/02/2025,691,225,5,2
11/02/2025,798,226,1,2
28/01/2025,769,226,36,2
6/01/2025,454,227,9,2
20/01/2025,653,227,25,2
7/01/2025,782,227,16,2
1/01/2025,113,228,34,2
22/01/2025,325,228,49,2
30/01/2025,178,228,26,2
20/01/2025,554,228,41,2
18/01/2025,672,229,11,2
4/01/2025,509,229,30,2
27/01/2025,226,230,1,2
8/02/2025,250,230,31,2
11/01/2025,358,230,14,2
27/01/2025,198,231,27,2
29/01/2025,552,231,12,2
5/02/2025,515,232,30,2
1/01/2025,417,233,40,2
11/01/2025,205,234,4,2
9/01/2025,175,234,45,2
31/01/2025,615,235,40,2
8/01/2025,757,236,2,2
7/02/2025,191,236,8,2
25/01/2025,437,236,28,2
2/02/2025,766,237,33,2
31/01/2025,243,237,44,2
13/01/2025,283,237,18,2
2/01/2025,535,237,11,2
8/02/2025,602,238,41,2
15/01/2025,700,238,14,2
10/01/2025,720,239,16,2
30/01/2025,210,239,16,2
7/02/2025,305,239,48,2
19/01/2025,255,240,36,2
9/01/2025,317,241,1,2
7/01/2025,296,241,4,2
14/01/2025,775,241,34,2
8/02/2025,459,242,2,2
28/01/2025,364,242,6,2
19/01/2025,367,242,47,2
12/02/2025,486,243,21,2
4/01/2025,225,243,21,2
28/01/2025,533,243,13,2
16/01/2025,705,244,31,2
6/01/2025,538,244,48,2
21/01/2025,377,244,3,2
19/01/2025,426,244,17,2
9/02/2025,694,245,13,2
10/01/2025,613,246,7,2
29/01/2025,216,247,44,2
12/02/2025,592,248,26,2
10/01/2025,571,248,4,2
10/02/2025,268,248,29,2
13/01/2025,408,249,35,2
23/01/2025,792,249,10,2
10/02/2025,749,249,4,2
30/01/2025,498,250,43,2
17/01/2025,685,251,34,2
6/02/2025,578,251,2,2
21/01/2025,369,252,44,2
18/01/2025,517,253,20,2
9/01/2025,225,253,12,2
11/01/2025,403,254,49,2
10/01/2025,103,254,39,2
19/01/2025,776,254,40,2
14/01/2025,534,255,27,2
14/01/2025,467,255,17,2
22/01/2025,157,255,37,2
5/01/2025,669,256,20,2
5/01/2025,480,256,19,2
7/02/2025,767,256,1,2
8/02/2025,303,257,23,2
17/01/2025,188,257,50,2
24/01/2025,567,258,12,2
3/01/2025,697,258,41,2
2/01/2025,505,259,41,2
28/01/2025,465,259,41,2
18/01/2025,494,259,49,2
12/01/2025,285,260,18,2
10/02/2025,597,261,5,2
23/01/2025,397,262,7,2
9/02/2025,484,263,35,2
12/02/2025,318,264,37,2
14/01/2025,629,264,4,2
24/01/2025,134,265,50,2
10/02/2025,176,265,7,2
25/01/2025,229,266,29,2
16/01/2025,178,266,10,2
6/01/2025,629,267,12,2
24/01/2025,269,268,27,2
10/01/2025,550,268,50,2
25/01/2025,427,268,39,2
17/01/2025,309,269,40,2
22/01/2025,329,269,29,2
13/01/2025,674,270,18,2
9/01/2025,178,271,26,2
27/01/2025,684,271,21,2
6/02/2025,729,271,6,2
7/01/2025,327,272,11,2
2/01/2025,509,273,50,2
4/02/2025,718,273,43,2
28/01/2025,715,273,31,2
28/01/2025,291,273,12,2
30/01/2025,262,274,7,2
18/01/2025,327,275,23,2
1/02/2025,684,275,15,2
5/02/2025,568,276,16,2
26/01/2025,186,276,39,2
12/02/2025,294,277,19,2
27/01/2025,175,277,23,2
13/01/2025,148,278,14,2
13/01/2025,681,278,11,2
10/01/2025,732,278,15,2
5/02/2025,138,279,39,2
30/01/2025,100,279,40,2
9/01/2025,486,280,9,2
26/01/2025,220,280,49,2
20/01/2025,336,280,47,2
19/01/2025,336,280,36,2
5/02/2025,722,280,31,2
10/02/2025,678,280,38,2
4/02/2025,462,280,15,2
8/01/2025,223,281,24,2
19/01/2025,533,282,41,2
9/02/2025,543,282,6,2
21/01/2025,405,282,35,2
5/01/2025,326,282,36,2
1/02/2025,432,283,33,2
10/02/2025,780,283,43,2
16/01/2025,349,284,37,2
11/01/2025,520,284,46,2
10/01/2025,413,285,41,2
9/01/2025,737,286,50,2
2/02/2025,743,286,1,2
7/01/2025,207,286,21,2
19/01/2025,187,287,25,2
11/01/2025,425,287,20,2
9/01/2025,642,287,5,2
29/01/2025,167,288,34,2
9/02/2025,431,289,26,2
2/02/2025,262,289,9,2
19/01/2025,581,289,19,2
9/02/2025,708,289,47,2
12/02/2025,114,290,36,2
31/01/2025,408,290,20,2
8/02/2025,721,291,22,2
19/01/2025,374,291,29,2
8/01/2025,435,292,35,2
18/01/2025,730,292,43,2
5/02/2025,532,292,30,2
12/02/2025,461,293,49,2
17/01/2025,734,293,35,2
2/02/2025,673,293,14,2
3/02/2025,201,294,47,2
7/01/2025,708,294,17,2
11/01/2025,511,294,9,2
14/01/2025,408,294,37,2
23/01/2025,468,295,45,2
22/01/2025,349,296,11,2
25/01/2025,780,296,46,2
18/01/2025,726,297,26,2
9/01/2025,125,298,7,2
6/01/2025,595,298,37,2
24/01/2025,790,298,2,2
10/02/2025,437,299,24,2
8/02/2025,368,300,32,2
6/02/2025,629,300,4,2
7/01/2025,205,301,43,2
20/01/2025,671,301,47,2
21/01/2025,270,301,24,2
6/01/2025,295,302,48,2
31/01/2025,376,303,1,2
24/01/2025,585,304,49,2
9/01/2025,245,304,17,2
13/01/2025,541,304,36,2
19/01/2025,321,304,20,2
16/01/2025,279,304,36,2
20/01/2025,236,305,6,2
5/02/2025,775,306,16,2
31/01/2025,718,307,36,2
10/01/2025,308,307,3,2
28/01/2025,346,308,15,2
2/01/2025,323,308,50,2
13/01/2025,583,309,48,2
23/01/2025,539,309,7,2
25/01/2025,440,310,17,2
5/02/2025,253,310,49,2
13/01/2025,263,310,42,2
31/01/2025,215,310,49,2
24/01/2025,457,311,21,2
8/02/2025,262,312,19,2
14/01/2025,259,312,33,2
11/02/2025,465,313,39,2
28/01/2025,120,314,3,2
7/01/2025,151,314,46,2
26/01/2025,119,315,18,2
10/02/2025,206,315,37,2
12/02/2025,638,316,29,2
2/01/2025,352,316,18,2
10/01/2025,375,317,27,2
24/01/2025,680,318,32,2
3/01/2025,106,318,34,2
12/02/2025,700,318,47,2
24/01/2025,494,319,1,2
7/01/2025,169,319,11,2
11/01/2025,539,320,31,2
1/02/2025,255,321,19,2
4/02/2025,431,322,21,2
5/01/2025,784,322,29,2
11/01/2025,319,322,19,2
17/01/2025,468,322,29,2
4/01/2025,347,322,40,2
12/02/2025,248,323,37,2
30/01/2025,433,323,34,2
31/01/2025,323,324,24,2
14/01/2025,525,325,8,2
11/02/2025,357,326,22,2
11/01/2025,106,326,39,2
19/01/2025,231,326,47,2
3/02/2025,234,327,18,2
9/01/2025,480,328,17,2
11/01/2025,233,328,35,2
27/01/2025,429,328,3,2
2/02/2025,284,329,49,2
8/01/2025,552,329,17,2
30/01/2025,728,329,18,2
28/01/2025,173,329,42,2
30/01/2025,618,330,11,2
5/01/2025,571,331,20,2
8/01/2025,677,332,19,2
20/01/2025,509,332,48,2
5/02/2025,530,333,33,2
31/01/2025,659,334,43,2
15/01/2025,353,334,11,2
26/01/2025,560,334,50,2
2/01/2025,249,335,6,2
19/01/2025,788,336,9,2
19/01/2025,591,336,2,2
7/01/2025,108,336,10,2
26/01/2025,530,337,48,2
6/02/2025,487,337,40,2
4/01/2025,155,337,31,2
13/01/2025,607,338,8,2
2/01/2025,378,338,35,2
2/02/2025,458,339,33,2
2/01/2025,729,340,10,2
31/01/2025,524,340,43,2
3/01/2025,678,340,8,2
30/01/2025,334,340,12,2
16/01/2025,783,340,37,2
5/01/2025,125,341,45,2
26/01/2025,657,342,31,2
1/01/2025,334,343,17,2
3/02/2025,235,344,49,2
24/01/2025,516,344,1,2
25/01/2025,326,344,43,2
26/01/2025,354,345,47,2
8/01/2025,775,345,11,2
2/01/2025,348,346,16,2
6/01/2025,510,347,44,2
23/01/2025,268,347,28,2
6/01/2025,706,348,8,2
8/01/2025,685,348,33,2
1/01/2025,549,349,25,2
13/01/2025,149,349,19,2
8/01/2025,415,350,4,2
25/01/2025,724,350,16,2
19/01/2025,538,351,26,2
2/02/2025,292,351,12,2
30/01/2025,302,352,33,2
3/02/2025,600,353,45,2
13/01/2025,352,353,22,2
10/02/2025,294,354,26,2
2/01/2025,592,354,27,2
11/02/2025,123,354,25,2
31/01/2025,285,355,6,2
29/01/2025,628,356,34,2
26/01/2025,143,357,28,2
5/02/2025,371,357,36,2
6/02/2025,517,358,27,2
2/01/2025,690,359,39,2
14/01/2025,356,359,33,2
13/01/2025,132,360,27,2
21/01/2025,388,360,8,2
25/01/2025,111,360,23,2
1/01/2025,795,361,28,2
10/02/2025,217,361,19,2
1/01/2025,382,362,15,2
15/01/2025,116,362,47,2
28/01/2025,187,363,26,2
6/01/2025,201,363,33,2
3/01/2025,424,363,5,2
1/02/2025,686,364,22,2
1/01/2025,225,365,27,2
23/01/2025,614,365,40,2
28/01/2025,154,365,41,2
9/01/2025,129,366,1,2
28/01/2025,366,366,7,2
8/02/2025,387,367,18,2
8/01/2025,168,367,16,2
31/01/2025,169,368,11,2
10/01/2025,381,368,38,2
10/01/2025,584,369,47,2
20/01/2025,503,369,3,2
23/01/2025,743,369,5,2
21/01/2025,223,369,46,2
29/01/2025,138,370,43,2
8/01/2025,139,370,17,2
3/02/2025,183,370,1,2
5/01/2025,531,370,6,2
12/02/2025,669,370,9,2
8/02/2025,380,371,45,2
31/01/2025,244,372,29,2
11/02/2025,734,372,2,2
3/01/2025,416,372,36,2
25/01/2025,761,373,40,2
5/01/2025,347,374,28,2
5/02/2025,143,374,35,2
28/01/2025,409,375,41,2
22/01/2025,487,376,37,2
9/02/2025,100,376,15,2
24/01/2025,765,376,4,2
25/01/2025,180,377,36,2
15/01/2025,397,377,20,2
11/01/2025,276,378,17,2
12/01/2025,778,378,42,2
7/01/2025,447,379,23,2
2/01/2025,126,379,10,2
12/02/2025,104,379,48,2
23/01/2025,175,379,39,2
6/02/2025,449,380,12,2
16/01/2025,239,380,42,2
17/01/2025,247,381,37,2
11/02/2025,204,381,5,2
1/01/2025,193,381,11,2
12/01/2025,457,382,2,2
5/02/2025,335,383,23,2
26/01/2025,435,383,11,2
10/01/2025,695,383,8,2
2/01/2025,352,383,38,2
9/01/2025,423,384,43,2
11/02/2025,725,385,36,2
30/01/2025,746,386,4,2
9/02/2025,329,386,34,2
10/01/2025,377,386,26,2
15/01/2025,580,386,13,2
6/01/2025,331,387,18,2
1/02/2025,728,387,49,2
17/01/2025,715,388,22,2
9/02/2025,527,389,21,2
27/01/2025,520,390,48,2
8/02/2025,561,390,50,2
1/01/2025,585,390,13,2
1/02/2025,114,391,2,2
25/01/2025,691,391,26,2
25/01/2025,484,392,22,2
8/01/2025,329,392,18,2
4/02/2025,300,392,23,2
19/01/2025,308,392,50,2
2/02/2025,315,393,5,2
22/01/2025,255,393,20,2
26/01/2025,499,394,32,2
18/01/2025,142,394,20,2
4/01/2025,445,395,27,2
25/01/2025,758,395,40,2
7/01/2025,540,395,45,2
15/01/2025,240,395,2,2
23/01/2025,345,396,23,2
12/01/2025,135,396,26,2
3/02/2025,706,397,12,2
3/02/2025,361,397,33,2
1/02/2025,436,398,21,2
17/01/2025,706,398,26,2
18/01/2025,358,398,48,2
6/02/2025,548,399,45,2
22/01/2025,365,399,29,2
20/01/2025,577,400,2,2
6/01/2025,364,401,1,2
2/02/2025,796,401,12,2
4/02/2025,565,402,19,2
4/01/2025,757,403,20,2
9/01/2025,558,403,14,2
30/01/2025,733,404,37,2
15/01/2025,212,404,10,2
31/01/2025,354,405,7,2
3/02/2025,228,405,47,2
10/01/2025,559,405,29,2
23/01/2025,633,406,47,2
1/02/2025,731,406,20,2
29/01/2025,639,407,45,2
20/01/2025,499,407,18,2
7/01/2025,432,408,22,2
10/02/2025,710,408,41,2
3/02/2025,285,408,30,2
21/01/2025,500,408,3,2
11/01/2025,349,409,39,2
9/02/2025,631,410,30,2
11/01/2025,247,410,47,2
17/01/2025,460,411,11,2
10/02/2025,395,411,17,2
14/01/2025,220,412,44,2
12/02/2025,773,413,27,2
12/02/2025,765,414,49,2
9/01/2025,268,414,42,2
3/01/2025,743,414,18,2
3/01/2025,723,415,19,2
17/01/2025,542,415,12,2
6/02/2025,107,415,26,2
18/01/2025,268,415,8,2
11/01/2025,197,416,22,2
5/02/2025,535,417,15,2
15/01/2025,781,418,28,2
16/01/2025,465,418,32,2
25/01/2025,200,419,21,2
10/01/2025,562,419,7,2
6/01/2025,103,420,33,2
30/01/2025,295,421,26,2
24/01/2025,184,422,40,2
22/01/2025,775,422,44,2
9/01/2025,717,423,11,2
14/01/2025,267,423,7,2
27/01/2025,731,424,26,2
4/02/2025,522,424,11,2
8/01/2025,623,424,24,2
10/02/2025,429,424,43,2
17/01/2025,150,425,31,2
19/01/2025,499,426,39,2
6/02/2025,132,427,8,2
6/01/2025,431,427,32,2
12/01/2025,173,428,33,2
7/02/2025,297,429,25,2
13/01/2025,462,429,49,2
26/01/2025,449,430,33,2
9/01/2025,252,430,10,2
2/01/2025,122,430,25,2
10/01/2025,255,431,37,2
18/01/2025,175,431,34,2
8/01/2025,646,431,28,2
18/01/2025,199,431,22,2
2/02/2025,391,432,42,2
25/01/2025,800,433,32,2
29/01/2025,537,433,50,2
26/01/2025,541,434,43,2
22/01/2025,782,435,39,2
7/02/2025,305,436,36,2
18/01/2025,672,436,14,2
3/02/2025,668,436,17,2
20/01/2025,337,436,4,2
2/01/2025,578,437,29,2
1/01/2025,235,437,11,2
6/01/2025,436,438,19,2
9/01/2025,439,439,28,2
23/01/2025,277,440,41,2
1/02/2025,316,441,43,2
20/01/2025,291,441,34,2
5/01/2025,391,442,7,2
28/01/2025,770,442,47,2
11/01/2025,471,443,39,2
27/01/2025,442,444,11,2
9/02/2025,506,444,44,2
30/01/2025,189,445,27,2
11/01/2025,731,445,49,2
3/01/2025,740,445,19,2
9/02/2025,621,446,33,2
1/02/2025,507,446,37,2
10/02/2025,233,446,42,2
3/02/2025,497,446,29,2
8/01/2025,320,447,10,2
21/01/2025,453,447,4,2
23/01/2025,153,447,4,2
25/01/2025,411,447,42,2
15/01/2025,731,447,1,2
11/02/2025,783,448,10,2
2/01/2025,417,448,45,2
21/01/2025,285,448,20,2
27/01/2025,703,449,40,2
2/02/2025,572,449,25,2
27/01/2025,671,449,4,2
19/01/2025,539,449,22,2
1/01/2025,193,450,40,2
18/01/2025,339,450,26,2
29/01/2025,657,450,42,2
24/01/2025,754,450,17,2
31/01/2025,506,451,3,2
27/01/2025,492,451,3,2
11/01/2025,199,451,26,2
4/01/2025,130,451,21,2
9/01/2025,717,452,42,2
18/01/2025,178,452,24,2
28/01/2025,124,452,18,2
6/02/2025,211,453,31,2
18/01/2025,102,453,5,2
30/01/2025,640,453,33,2
13/01/2025,512,454,9,2
12/02/2025,193,454,2,2
28/01/2025,459,454,48,2
9/01/2025,332,454,33,2
1/01/2025,405,455,39,2
12/02/2025,626,455,17,2
9/01/2025,783,455,18,2
11/02/2025,336,456,41,2
9/02/2025,599,456,9,2
31/01/2025,148,1,34,3
17/01/2025,212,1,43,3
28/01/2025,323,1,44,3
4/01/2025,658,2,13,3
13/01/2025,186,2,8,3
8/01/2025,451,2,29,3
12/01/2025,461,3,19,3
13/01/2025,300,4,21,3
28/01/2025,512,5,27,3
4/02/2025,670,5,24,3
31/01/2025,422,5,6,3
4/02/2025,254,6,30,3
9/02/2025,195,6,28,3
22/01/2025,339,7,35,3
9/01/2025,523,7,8,3
26/01/2025,207,8,40,3
26/01/2025,428,8,7,3
5/01/2025,418,8,22,3
20/01/2025,601,9,1,3
7/01/2025,261,9,33,3
20/01/2025,260,9,30,3
9/01/2025,283,10,10,3
3/01/2025,526,11,17,3
12/02/2025,458,11,14,3
28/01/2025,582,11,3,3
21/01/2025,511,12,47,3
18/01/2025,710,13,30,3
20/01/2025,421,13,10,3
22/01/2025,779,13,33,3
2/02/2025,423,14,22,3
25/01/2025,701,14,48,3
11/01/2025,542,14,5,3
1/01/2025,366,15,41,3
3/01/2025,254,15,2,3
9/01/2025,326,15,19,3
5/01/2025,485,15,18,3
18/01/2025,156,16,43,3
4/01/2025,290,16,9,3
6/01/2025,355,17,29,3
10/01/2025,532,18,39,3
7/01/2025,561,18,50,3
12/02/2025,320,18,42,3
8/02/2025,356,19,4,3
16/01/2025,484,19,20,3
30/01/2025,645,20,39,3
2/01/2025,366,21,33,3
4/02/2025,132,21,33,3
11/02/2025,475,21,6,3
23/01/2025,358,21,17,3
9/02/2025,442,21,37,3
27/01/2025,797,21,39,3
24/01/2025,439,22,49,3
11/01/2025,473,22,25,3
14/01/2025,145,22,15,3
3/02/2025,644,23,19,3
14/01/2025,526,23,25,3
9/01/2025,689,24,13,3
5/02/2025,318,25,46,3
13/01/2025,308,25,8,3
11/02/2025,613,25,37,3
19/01/2025,528,26,23,3
18/01/2025,756,27,6,3
21/01/2025,795,28,33,3
10/02/2025,643,28,27,3
11/02/2025,351,29,47,3
7/02/2025,113,30,29,3
26/01/2025,706,30,27,3
23/01/2025,593,30,11,3
8/02/2025,693,30,28,3
17/01/2025,171,30,24,3
8/02/2025,664,31,8,3
2/01/2025,508,32,42,3
16/01/2025,565,32,10,3
24/01/2025,438,32,4,3
15/01/2025,349,32,14,3
17/01/2025,489,33,3,3
7/02/2025,338,33,3,3
2/01/2025,172,33,2,3
20/01/2025,423,33,22,3
4/02/2025,406,33,35,3
11/02/2025,358,34,20,3
10/01/2025,558,35,37,3
17/01/2025,147,35,44,3
4/01/2025,359,35,16,3
2/01/2025,681,35,7,3
5/02/2025,450,36,14,3
19/01/2025,484,36,20,3
24/01/2025,644,36,35,3
31/01/2025,212,36,5,3
9/02/2025,503,36,1,3
12/01/2025,567,37,16,3
31/01/2025,616,37,36,3
28/01/2025,325,37,18,3
14/01/2025,107,38,39,3
30/01/2025,342,38,42,3
28/01/2025,581,39,3,3
10/02/2025,750,39,45,3
1/01/2025,278,40,27,3
15/01/2025,410,41,12,3
13/01/2025,464,42,2,3
5/02/2025,779,42,47,3
7/01/2025,211,42,20,3
6/01/2025,187,43,3,3
24/01/2025,687,43,26,3
15/01/2025,752,43,42,3
30/01/2025,380,44,1,3
28/01/2025,310,45,36,3
26/01/2025,767,45,46,3
27/01/2025,325,45,42,3
10/01/2025,103,46,18,3
23/01/2025,352,47,44,3
2/01/2025,315,48,28,3
12/01/2025,466,48,8,3
30/01/2025,367,48,47,3
7/02/2025,265,49,21,3
7/01/2025,484,49,19,3
8/01/2025,591,50,26,3
21/01/2025,440,50,46,3
29/01/2025,270,50,21,3
5/02/2025,616,50,7,3
18/01/2025,278,50,36,3
11/02/2025,168,51,24,3
8/02/2025,352,51,42,3
6/02/2025,598,52,46,3
5/02/2025,369,52,7,3
5/01/2025,208,53,37,3
9/01/2025,483,54,32,3
15/01/2025,274,55,47,3
3/01/2025,758,55,24,3
4/01/2025,392,56,8,3
23/01/2025,615,56,18,3
23/01/2025,694,57,28,3
20/01/2025,767,57,36,3
1/02/2025,418,57,47,3
11/02/2025,324,58,25,3
7/02/2025,737,59,9,3
12/01/2025,523,59,22,3
23/01/2025,151,59,39,3
15/01/2025,357,60,35,3
17/01/2025,354,60,25,3
9/02/2025,762,60,33,3
4/01/2025,475,61,36,3
6/01/2025,257,62,8,3
15/01/2025,158,63,5,3
30/01/2025,100,63,50,3
4/02/2025,783,63,20,3
12/01/2025,249,64,48,3
4/02/2025,223,64,28,3
19/01/2025,558,64,5,3
21/01/2025,521,65,16,3
8/02/2025,265,65,33,3
6/02/2025,296,66,42,3
22/01/2025,151,66,8,3
25/01/2025,218,67,5,3
17/01/2025,165,68,14,3
8/02/2025,229,68,34,3
5/02/2025,552,69,29,3
22/01/2025,117,69,34,3
7/02/2025,474,70,7,3
17/01/2025,203,70,8,3
9/01/2025,154,71,47,3
5/01/2025,702,71,39,3
11/01/2025,216,72,12,3
31/01/2025,493,72,14,3
12/02/2025,126,72,32,3
29/01/2025,430,73,28,3
6/02/2025,635,73,27,3
27/01/2025,752,74,26,3
12/01/2025,616,74,39,3
15/01/2025,485,74,49,3
31/01/2025,309,75,19,3
13/01/2025,520,75,14,3
30/01/2025,180,76,23,3
8/02/2025,649,76,7,3
19/01/2025,662,77,36,3
3/02/2025,103,77,37,3
17/01/2025,537,78,49,3
20/01/2025,256,79,18,3
17/01/2025,377,79,34,3
2/01/2025,321,79,43,3
17/01/2025,326,79,43,3
18/01/2025,362,80,20,3
25/01/2025,173,81,31,3
1/01/2025,200,81,42,3
16/01/2025,375,82,46,3
21/01/2025,714,82,8,3
12/02/2025,570,82,16,3
1/01/2025,661,83,8,3
12/01/2025,118,84,12,3
19/01/2025,552,84,35,3
16/01/2025,780,84,47,3
6/02/2025,206,85,42,3
20/01/2025,117,85,20,3
7/01/2025,288,86,7,3
16/01/2025,730,86,18,3
17/01/2025,664,86,42,3
16/01/2025,636,87,38,3
5/01/2025,210,87,40,3
9/01/2025,745,87,11,3
25/01/2025,206,88,36,3
24/01/2025,211,88,11,3
2/02/2025,297,89,31,3
10/01/2025,720,89,23,3
30/01/2025,576,90,10,3
25/01/2025,150,91,11,3
10/02/2025,406,91,18,3
19/01/2025,253,91,42,3
4/02/2025,776,92,1,3
16/01/2025,302,92,42,3
22/01/2025,794,93,47,3
10/01/2025,719,94,33,3
24/01/2025,282,94,15,3
2/02/2025,720,94,29,3
15/01/2025,156,95,38,3
2/01/2025,140,96,9,3
1/02/2025,665,96,33,3
14/01/2025,559,96,31,3
3/01/2025,266,96,20,3
2/02/2025,680,97,49,3
4/01/2025,253,97,48,3
18/01/2025,466,97,46,3
5/02/2025,682,98,12,3
31/01/2025,680,98,24,3
4/01/2025,525,98,19,3
23/01/2025,112,98,40,3
26/01/2025,540,99,19,3
9/02/2025,480,100,31,3
26/01/2025,342,100,17,3
10/02/2025,172,101,32,3
17/01/2025,495,101,14,3
4/02/2025,295,101,3,3
20/01/2025,424,101,7,3
9/01/2025,347,102,44,3
11/01/2025,579,102,33,3
28/01/2025,604,102,44,3
2/02/2025,501,103,20,3
12/02/2025,118,103,23,3
21/01/2025,794,104,8,3
24/01/2025,605,104,18,3
7/01/2025,331,104,47,3
24/01/2025,370,105,50,3
2/02/2025,613,105,14,3
6/01/2025,178,105,8,3
2/01/2025,340,105,11,3
29/01/2025,277,106,12,3
15/01/2025,262,106,12,3
7/01/2025,708,107,39,3
4/01/2025,546,107,12,3
21/01/2025,734,108,36,3
11/02/2025,204,108,18,3
23/01/2025,335,109,16,3
10/01/2025,104,110,22,3
22/01/2025,532,111,42,3
2/01/2025,658,111,3,3
10/01/2025,668,112,33,3
5/01/2025,267,112,38,3
24/01/2025,702,113,13,3
17/01/2025,538,113,32,3
10/01/2025,558,114,41,3
21/01/2025,768,114,39,3
21/01/2025,658,115,24,3
23/01/2025,322,115,23,3
5/02/2025,606,116,40,3
15/01/2025,132,116,30,3
31/01/2025,775,116,15,3
18/01/2025,138,117,36,3
16/01/2025,662,117,36,3
3/02/2025,604,118,37,3
12/02/2025,469,118,26,3
4/02/2025,767,118,27,3
26/01/2025,126,118,28,3
1/01/2025,755,119,6,3
17/01/2025,212,119,38,3
9/01/2025,484,120,41,3
30/01/2025,465,120,42,3
23/01/2025,646,120,24,3
2/01/2025,654,121,30,3
6/01/2025,424,122,12,3
5/01/2025,776,123,18,3
16/01/2025,611,123,18,3
6/02/2025,773,123,15,3
30/01/2025,394,124,21,3
1/02/2025,299,124,15,3
27/01/2025,636,125,28,3
14/01/2025,322,125,28,3
4/01/2025,122,126,14,3
11/02/2025,301,126,23,3
1/01/2025,678,126,7,3
29/01/2025,743,127,18,3
21/01/2025,433,128,18,3
17/01/2025,381,128,45,3
12/01/2025,133,129,34,3
8/01/2025,400,130,47,3
14/01/2025,251,130,10,3
28/01/2025,154,131,6,3
17/01/2025,309,132,2,3
12/02/2025,542,132,7,3
8/01/2025,420,132,26,3
4/01/2025,230,133,34,3
19/01/2025,397,133,9,3
21/01/2025,159,133,10,3
19/01/2025,663,133,21,3
11/01/2025,799,133,39,3
13/01/2025,613,134,23,3
18/01/2025,606,135,3,3
3/02/2025,732,135,47,3
1/02/2025,712,135,1,3
19/01/2025,546,135,46,3
29/01/2025,333,135,4,3
9/01/2025,466,136,17,3
11/01/2025,451,137,40,3
2/01/2025,628,138,35,3
11/01/2025,472,138,34,3
8/01/2025,401,139,11,3
24/01/2025,529,139,13,3
1/02/2025,460,139,41,3
1/02/2025,118,140,28,3
10/01/2025,190,140,25,3
11/01/2025,642,141,40,3
12/01/2025,506,142,38,3
11/02/2025,748,142,45,3
31/01/2025,423,143,14,3
17/01/2025,108,143,37,3
18/01/2025,508,144,20,3
5/01/2025,477,145,17,3
11/02/2025,347,145,1,3
12/02/2025,545,146,40,3
21/01/2025,369,146,1,3
3/02/2025,201,147,4,3
24/01/2025,232,147,13,3
23/01/2025,736,147,12,3
14/01/2025,622,147,18,3
12/01/2025,694,148,32,3
30/01/2025,499,148,23,3
6/02/2025,620,149,33,3
13/01/2025,311,149,32,3
24/01/2025,273,149,8,3
6/01/2025,555,149,30,3
13/01/2025,770,150,37,3
9/01/2025,613,150,39,3
27/01/2025,306,151,40,3
6/01/2025,337,151,32,3
5/01/2025,759,151,49,3
17/01/2025,187,151,2,3
24/01/2025,634,151,42,3
14/01/2025,122,152,44,3
3/02/2025,140,152,17,3
4/02/2025,657,153,17,3
26/01/2025,245,153,40,3
7/02/2025,645,153,45,3
30/01/2025,166,154,3,3
23/01/2025,296,154,9,3
11/02/2025,240,155,25,3
6/01/2025,583,156,4,3
25/01/2025,447,156,7,3
24/01/2025,484,157,45,3
11/02/2025,635,158,42,3
2/02/2025,397,158,27,3
31/01/2025,209,159,47,3
16/01/2025,210,159,5,3
25/01/2025,797,160,25,3
12/02/2025,730,160,43,3
5/02/2025,341,161,40,3
5/02/2025,152,162,30,3
6/01/2025,339,163,9,3
1/01/2025,345,163,34,3
1/02/2025,712,164,5,3
4/02/2025,274,164,11,3
8/02/2025,520,165,45,3
12/02/2025,167,165,43,3
29/01/2025,264,165,35,3
31/01/2025,513,165,28,3
20/01/2025,691,165,24,3
7/02/2025,792,165,8,3
11/02/2025,609,165,9,3
8/01/2025,262,166,8,3
19/01/2025,515,166,50,3
6/01/2025,413,167,19,3
10/01/2025,378,167,12,3
3/01/2025,634,168,47,3
1/02/2025,210,168,33,3
20/01/2025,597,168,16,3
3/01/2025,337,169,12,3
6/02/2025,526,169,14,3
8/02/2025,467,170,24,3
19/01/2025,397,170,38,3
2/02/2025,247,171,20,3
21/01/2025,573,171,40,3
30/01/2025,386,172,37,3
11/01/2025,625,172,30,3
4/01/2025,693,173,40,3
6/02/2025,153,173,19,3
28/01/2025,202,173,50,3
10/01/2025,106,174,34,3
7/01/2025,699,174,36,3
18/01/2025,534,175,50,3
2/02/2025,604,175,7,3
23/01/2025,500,175,45,3
20/01/2025,723,176,42,3
11/02/2025,425,177,1,3
29/01/2025,754,178,27,3
10/01/2025,571,178,11,3
27/01/2025,435,178,1,3
31/01/2025,363,179,24,3
12/01/2025,439,179,25,3
20/01/2025,747,180,12,3
9/02/2025,491,180,24,3
30/01/2025,285,180,12,3
11/01/2025,605,181,33,3
18/01/2025,219,182,16,3
1/02/2025,333,183,26,3
21/01/2025,393,184,14,3
25/01/2025,184,184,41,3
19/01/2025,569,185,6,3
4/02/2025,582,186,14,3
5/02/2025,545,187,50,3
1/02/2025,409,188,23,3
3/02/2025,701,189,34,3
2/02/2025,293,189,14,3
5/01/2025,668,190,8,3
29/01/2025,673,190,8,3
11/02/2025,339,190,18,3
3/01/2025,399,191,29,3
1/02/2025,687,191,39,3
21/01/2025,155,192,49,3
9/02/2025,398,193,18,3
7/01/2025,652,194,45,3
26/01/2025,385,194,17,3
8/01/2025,125,195,23,3
12/02/2025,210,196,15,3
20/01/2025,772,196,4,3
25/01/2025,565,196,28,3
14/01/2025,447,197,38,3
13/01/2025,512,197,22,3
17/01/2025,457,197,10,3
27/01/2025,373,198,22,3
29/01/2025,185,199,39,3
12/01/2025,463,200,44,3
18/01/2025,204,200,26,3
10/01/2025,489,200,11,3
31/01/2025,453,201,44,3
25/01/2025,207,201,1,3
5/01/2025,516,202,21,3
9/01/2025,382,202,42,3
16/01/2025,742,202,33,3
13/01/2025,202,202,1,3
2/02/2025,212,202,49,3
6/02/2025,268,203,20,3
25/01/2025,249,203,18,3
12/01/2025,517,203,42,3
23/01/2025,241,203,50,3
3/01/2025,633,204,24,3
4/02/2025,494,204,2,3
2/02/2025,761,205,5,3
29/01/2025,320,205,48,3
11/01/2025,568,206,32,3
20/01/2025,214,206,17,3
6/02/2025,427,206,21,3
27/01/2025,331,207,2,3
3/02/2025,254,207,45,3
8/01/2025,138,208,18,3
11/01/2025,151,208,35,3
28/01/2025,502,208,41,3
30/01/2025,595,209,43,3
13/01/2025,514,210,24,3
2/01/2025,273,211,44,3
5/01/2025,771,211,32,3
6/01/2025,413,211,21,3
17/01/2025,245,212,43,3
12/02/2025,719,212,15,3
6/02/2025,416,212,33,3
26/01/2025,523,213,36,3
11/01/2025,475,214,20,3
28/01/2025,521,215,7,3
19/01/2025,783,215,10,3
7/02/2025,657,215,11,3
2/01/2025,121,216,4,3
26/01/2025,148,217,33,3
19/01/2025,470,217,39,3
11/02/2025,331,217,38,3
23/01/2025,613,217,50,3
26/01/2025,347,218,35,3
27/01/2025,227,218,16,3
5/01/2025,362,219,28,3
17/01/2025,405,220,31,3
1/02/2025,768,220,6,3
10/02/2025,631,221,29,3
22/01/2025,491,221,48,3
17/01/2025,740,221,34,3
12/01/2025,555,222,24,3
26/01/2025,356,222,46,3
24/01/2025,219,223,36,3
31/01/2025,262,223,47,3
7/02/2025,562,224,19,3
27/01/2025,306,224,36,3
31/01/2025,500,224,39,3
5/01/2025,534,225,35,3
1/02/2025,420,225,40,3
1/01/2025,795,226,13,3
23/01/2025,391,226,3,3
6/01/2025,321,227,47,3
29/01/2025,657,227,27,3
16/01/2025,155,227,36,3
3/02/2025,109,228,27,3
2/02/2025,146,228,15,3
1/02/2025,729,228,19,3
21/01/2025,513,228,48,3
20/01/2025,422,229,4,3
11/01/2025,499,229,36,3
9/02/2025,728,230,7,3
9/01/2025,546,230,42,3
16/01/2025,519,230,33,3
18/01/2025,198,231,45,3
8/01/2025,483,231,17,3
10/01/2025,253,232,29,3
4/02/2025,716,233,20,3
2/02/2025,260,234,35,3
19/01/2025,517,234,35,3
12/02/2025,368,235,11,3
4/02/2025,510,236,14,3
11/02/2025,125,236,35,3
6/02/2025,547,236,37,3
23/01/2025,569,237,48,3
23/01/2025,546,237,20,3
6/01/2025,371,237,34,3
14/01/2025,540,237,11,3
5/02/2025,508,238,12,3
8/01/2025,130,238,19,3
9/01/2025,279,239,25,3
13/01/2025,656,239,4,3
12/01/2025,465,239,27,3
28/01/2025,549,240,19,3
4/01/2025,178,241,38,3
20/01/2025,714,241,32,3
17/01/2025,160,241,17,3
7/02/2025,542,242,44,3
18/01/2025,554,242,49,3
14/01/2025,794,242,7,3
10/01/2025,244,243,32,3
9/02/2025,737,243,37,3
9/01/2025,362,243,40,3
9/01/2025,764,244,20,3
29/01/2025,287,244,37,3
6/01/2025,691,244,25,3
24/01/2025,621,244,22,3
8/01/2025,280,245,22,3
19/01/2025,693,246,9,3
8/02/2025,483,247,7,3
30/01/2025,157,248,37,3
7/01/2025,540,248,39,3
12/01/2025,343,248,44,3
5/01/2025,472,249,46,3
11/02/2025,141,249,18,3
7/02/2025,690,249,17,3
18/01/2025,758,250,2,3
1/02/2025,118,251,1,3
29/01/2025,447,251,45,3
26/01/2025,748,252,41,3
5/01/2025,100,253,12,3
9/02/2025,645,253,19,3
23/01/2025,437,254,18,3
16/01/2025,404,254,14,3
11/02/2025,104,254,46,3
21/01/2025,791,255,16,3
11/02/2025,226,255,42,3
22/01/2025,466,255,29,3
4/02/2025,645,256,29,3
12/02/2025,487,256,32,3
19/01/2025,448,256,5,3
18/01/2025,551,257,1,3
5/02/2025,316,257,19,3
29/01/2025,273,258,6,3
16/01/2025,306,258,23,3
8/01/2025,470,259,47,3
10/01/2025,177,259,11,3
13/01/2025,113,259,43,3
1/02/2025,500,260,9,3
7/01/2025,360,261,50,3
29/01/2025,372,262,17,3
11/01/2025,251,263,48,3
31/01/2025,699,264,18,3
19/01/2025,194,264,5,3
18/01/2025,115,265,7,3
26/01/2025,761,265,30,3
18/01/2025,259,266,43,3
27/01/2025,671,266,20,3
19/01/2025,739,267,21,3
28/01/2025,251,268,43,3
3/02/2025,444,268,24,3
17/01/2025,423,268,49,3
7/01/2025,301,269,23,3
15/01/2025,407,269,10,3
19/01/2025,680,270,41,3
1/02/2025,688,271,21,3
19/01/2025,352,271,19,3
28/01/2025,121,271,11,3
10/01/2025,302,272,17,3
24/01/2025,214,273,25,3
7/02/2025,237,273,29,3
6/01/2025,792,273,1,3
2/02/2025,254,273,7,3
20/01/2025,270,274,20,3
10/01/2025,510,275,50,3
10/01/2025,530,275,48,3
16/01/2025,762,276,37,3
25/01/2025,359,276,28,3
2/01/2025,236,277,5,3
3/02/2025,728,277,6,3
10/01/2025,561,278,17,3
5/02/2025,269,278,13,3
2/01/2025,747,278,29,3
8/02/2025,280,279,47,3
18/01/2025,516,279,7,3
9/01/2025,238,280,32,3
25/01/2025,442,280,25,3
30/01/2025,674,280,35,3
11/02/2025,593,280,6,3
22/01/2025,282,280,32,3
10/01/2025,746,280,35,3
3/01/2025,243,280,18,3
13/01/2025,666,281,36,3
17/01/2025,695,282,42,3
21/01/2025,124,282,41,3
7/01/2025,512,282,10,3
31/01/2025,382,282,43,3
22/01/2025,498,283,5,3
4/01/2025,602,283,14,3
7/01/2025,450,284,26,3
30/01/2025,112,284,18,3
11/01/2025,441,285,50,3
5/02/2025,626,286,38,3
10/02/2025,111,286,33,3
7/01/2025,263,286,24,3
18/01/2025,190,287,11,3
3/01/2025,331,287,43,3
6/02/2025,265,287,28,3
7/01/2025,636,288,10,3
1/01/2025,474,289,41,3
8/02/2025,529,289,11,3
8/02/2025,706,289,26,3
20/01/2025,115,289,23,3
3/02/2025,218,290,39,3
31/01/2025,798,290,41,3
24/01/2025,773,291,46,3
21/01/2025,600,291,36,3
14/01/2025,708,292,19,3
5/01/2025,524,292,46,3
29/01/2025,467,292,38,3
6/02/2025,585,293,49,3
12/02/2025,313,293,34,3
1/02/2025,769,293,23,3
30/01/2025,791,294,1,3
30/01/2025,474,294,12,3
1/02/2025,747,294,40,3
2/02/2025,600,294,43,3
15/01/2025,365,295,36,3
27/01/2025,683,296,16,3
23/01/2025,789,296,35,3
8/01/2025,330,297,1,3
29/01/2025,159,298,46,3
19/01/2025,332,298,50,3
10/01/2025,291,298,15,3
21/01/2025,720,299,50,3
8/02/2025,784,300,4,3
20/01/2025,164,300,22,3
5/02/2025,401,301,21,3
15/01/2025,135,301,9,3
9/02/2025,236,301,45,3
20/01/2025,569,302,11,3
8/02/2025,113,303,44,3
2/02/2025,579,304,16,3
7/01/2025,760,304,45,3
6/01/2025,253,304,42,3
16/01/2025,637,304,35,3
3/02/2025,645,304,21,3
22/01/2025,750,305,16,3
18/01/2025,162,306,19,3
22/01/2025,559,307,7,3
26/01/2025,722,307,25,3
10/02/2025,733,308,20,3
27/01/2025,417,308,26,3
14/01/2025,374,309,42,3
9/02/2025,573,309,28,3
12/01/2025,588,310,2,3
27/01/2025,640,310,3,3
4/02/2025,758,310,40,3
11/02/2025,686,310,50,3
14/01/2025,744,311,29,3
24/01/2025,309,312,19,3
5/02/2025,609,312,37,3
31/01/2025,177,313,50,3
12/02/2025,197,314,19,3
7/01/2025,252,314,22,3
8/01/2025,545,315,48,3
10/01/2025,165,315,39,3
20/01/2025,703,316,20,3
8/02/2025,124,316,10,3
24/01/2025,756,317,45,3
9/01/2025,455,318,43,3
11/02/2025,508,318,41,3
30/01/2025,578,318,20,3
6/01/2025,356,319,4,3
19/01/2025,556,319,36,3
30/01/2025,433,320,11,3
6/02/2025,117,321,13,3
22/01/2025,102,322,18,3
5/01/2025,385,322,20,3
24/01/2025,318,322,1,3
1/01/2025,250,322,16,3
7/01/2025,473,322,18,3
20/01/2025,131,323,29,3
24/01/2025,178,323,25,3
24/01/2025,619,324,13,3
11/01/2025,243,325,7,3
27/01/2025,220,326,42,3
10/02/2025,408,326,22,3
22/01/2025,238,326,39,3
29/01/2025,406,327,42,3
6/02/2025,416,328,48,3
28/01/2025,330,328,12,3
1/01/2025,493,328,41,3
22/01/2025,190,329,48,3
14/01/2025,281,329,3,3
12/02/2025,698,329,45,3
3/02/2025,283,329,16,3
16/01/2025,454,330,9,3
2/02/2025,288,331,49,3
7/01/2025,682,332,23,3
4/01/2025,746,332,36,3
6/02/2025,495,333,1,3
5/02/2025,267,334,18,3
28/01/2025,634,334,23,3
23/01/2025,197,334,3,3
26/01/2025,383,335,50,3
23/01/2025,416,336,21,3
6/02/2025,616,336,32,3
20/01/2025,472,336,19,3
9/01/2025,126,337,16,3
25/01/2025,455,337,48,3
12/01/2025,553,337,43,3
8/02/2025,101,338,15,3
17/01/2025,134,338,25,3
1/02/2025,347,339,23,3
11/02/2025,244,340,29,3
29/01/2025,577,340,13,3
7/02/2025,738,340,31,3
11/01/2025,366,340,6,3
9/02/2025,718,340,31,3
31/01/2025,249,341,30,3
2/02/2025,463,342,41,3
12/01/2025,200,343,46,3
30/01/2025,648,344,30,3
18/01/2025,628,344,17,3
15/01/2025,236,344,46,3
17/01/2025,750,345,23,3
30/01/2025,544,345,28,3
5/02/2025,125,346,14,3
1/02/2025,515,347,13,3
19/01/2025,367,347,1,3
24/01/2025,461,348,1,3
10/01/2025,727,348,8,3
31/01/2025,235,349,14,3
19/01/2025,522,349,49,3
3/02/2025,169,350,5,3
31/01/2025,343,350,6,3
9/02/2025,628,351,39,3
7/02/2025,582,351,20,3
30/01/2025,390,352,36,3
25/01/2025,127,353,27,3
4/01/2025,497,353,8,3
19/01/2025,201,354,25,3
26/01/2025,229,354,17,3
2/02/2025,173,354,25,3
1/01/2025,792,355,33,3
5/01/2025,477,356,4,3
2/01/2025,483,357,3,3
18/01/2025,347,357,17,3
29/01/2025,612,358,23,3
2/01/2025,148,359,21,3
11/01/2025,207,359,43,3
8/02/2025,761,360,42,3
2/01/2025,675,360,49,3
11/01/2025,476,360,30,3
24/01/2025,380,361,26,3
23/01/2025,660,361,41,3
8/02/2025,106,362,33,3
2/02/2025,416,362,46,3
26/01/2025,225,363,20,3
10/01/2025,160,363,26,3
6/02/2025,415,363,31,3
9/02/2025,441,364,46,3
22/01/2025,467,365,33,3
22/01/2025,394,365,40,3
8/02/2025,502,365,47,3
1/02/2025,213,366,16,3
12/02/2025,572,366,7,3
23/01/2025,366,367,34,3
12/01/2025,500,367,10,3
5/02/2025,721,368,31,3
10/01/2025,311,368,5,3
14/01/2025,414,369,1,3
19/01/2025,571,369,30,3
9/01/2025,684,369,13,3
7/01/2025,226,369,24,3
10/02/2025,426,370,26,3
15/01/2025,741,370,15,3
7/02/2025,268,370,34,3
2/02/2025,530,370,44,3
22/01/2025,117,370,5,3
8/01/2025,238,371,17,3
6/02/2025,394,372,10,3
3/01/2025,402,372,42,3
26/01/2025,181,372,14,3
1/01/2025,712,373,4,3
15/01/2025,410,374,37,3
12/02/2025,265,374,1,3
5/01/2025,380,375,31,3
9/02/2025,681,376,8,3
8/02/2025,191,376,20,3
1/02/2025,258,376,41,3
5/01/2025,653,377,10,3
14/01/2025,256,377,11,3
11/01/2025,360,378,35,3
12/01/2025,725,378,18,3
29/01/2025,103,379,25,3
31/01/2025,232,379,25,3
1/02/2025,232,379,17,3
3/02/2025,222,379,37,3
10/01/2025,312,380,5,3
4/01/2025,790,380,43,3
28/01/2025,740,381,22,3
5/02/2025,343,381,46,3
3/01/2025,435,381,31,3
18/01/2025,596,382,14,3
27/01/2025,252,383,40,3
22/01/2025,774,383,47,3
10/01/2025,578,383,42,3
15/01/2025,702,383,9,3
27/01/2025,609,384,9,3
3/01/2025,709,385,23,3
2/02/2025,711,386,18,3
30/01/2025,471,386,16,3
26/01/2025,147,386,38,3
2/01/2025,447,386,5,3
10/02/2025,719,387,32,3
4/02/2025,510,387,38,3
12/02/2025,244,388,24,3
11/01/2025,790,389,37,3
3/02/2025,712,390,37,3
10/01/2025,581,390,9,3
3/02/2025,229,390,36,3
20/01/2025,644,391,34,3
31/01/2025,169,391,30,3
31/01/2025,178,392,6,3
21/01/2025,611,392,35,3
21/01/2025,322,392,37,3
16/01/2025,321,392,42,3
6/02/2025,777,393,9,3
12/02/2025,162,393,42,3
22/01/2025,182,394,44,3
13/01/2025,364,394,14,3
15/01/2025,610,395,40,3
2/01/2025,596,395,27,3
7/01/2025,646,395,20,3
27/01/2025,247,395,14,3
17/01/2025,696,396,49,3
20/01/2025,652,396,27,3
6/01/2025,596,397,41,3
21/01/2025,102,397,1,3
16/01/2025,288,398,10,3
5/01/2025,367,398,28,3
10/02/2025,151,398,9,3
22/01/2025,576,399,11,3
28/01/2025,764,399,24,3
10/02/2025,621,400,4,3
5/01/2025,284,401,46,3
5/02/2025,385,401,27,3
10/01/2025,670,402,30,3
16/01/2025,659,403,8,3
7/02/2025,318,403,29,3
16/01/2025,507,404,7,3
22/01/2025,270,404,49,3
11/01/2025,646,405,16,3
21/01/2025,317,405,49,3
8/01/2025,516,405,31,3
10/02/2025,417,406,38,3
11/01/2025,573,406,39,3
13/01/2025,755,407,18,3
24/01/2025,107,407,11,3
4/02/2025,464,408,37,3
17/01/2025,731,408,28,3
19/01/2025,447,408,7,3
18/01/2025,663,408,6,3
29/01/2025,741,409,7,3
28/01/2025,151,410,25,3
11/02/2025,502,410,33,3
25/01/2025,454,411,23,3
25/01/2025,388,411,16,3
2/02/2025,408,412,4,3
8/01/2025,752,413,27,3
4/02/2025,633,414,46,3
22/01/2025,149,414,31,3
3/01/2025,723,414,15,3
11/02/2025,546,415,45,3
23/01/2025,492,415,18,3
31/01/2025,601,415,5,3
7/02/2025,530,415,27,3
24/01/2025,564,416,34,3
9/02/2025,155,417,3,3
26/01/2025,425,418,18,3
1/02/2025,468,418,20,3
29/01/2025,315,419,40,3
25/01/2025,751,419,4,3
12/02/2025,415,420,25,3
1/01/2025,138,421,37,3
21/01/2025,635,422,27,3
21/01/2025,279,422,13,3
30/01/2025,129,423,12,3
4/01/2025,416,423,8,3
2/01/2025,149,424,25,3
3/02/2025,488,424,22,3
4/01/2025,205,424,45,3
10/02/2025,658,424,42,3
9/02/2025,175,425,14,3
2/02/2025,443,426,13,3
12/02/2025,210,427,17,3
30/01/2025,215,427,32,3
10/02/2025,638,428,39,3
12/01/2025,555,429,44,3
10/01/2025,163,429,28,3
5/01/2025,297,430,17,3
23/01/2025,169,430,2,3
8/01/2025,458,430,27,3
9/01/2025,577,431,43,3
12/01/2025,749,431,20,3
2/01/2025,686,431,32,3
23/01/2025,401,431,5,3
8/02/2025,631,432,49,3
23/01/2025,272,433,37,3
10/02/2025,187,433,20,3
12/01/2025,665,434,18,3
5/02/2025,502,435,4,3
22/01/2025,162,436,8,3
20/01/2025,329,436,15,3
25/01/2025,357,436,48,3
2/02/2025,619,436,42,3
13/01/2025,148,437,3,3
1/02/2025,237,437,35,3
2/02/2025,541,438,10,3
11/02/2025,601,439,2,3
21/01/2025,294,440,43,3
3/01/2025,433,441,12,3
7/01/2025,543,441,27,3
30/01/2025,748,442,44,3
18/01/2025,409,442,23,3
8/02/2025,335,443,46,3
13/01/2025,341,444,31,3
19/01/2025,676,444,41,3
2/02/2025,428,445,26,3
6/02/2025,458,445,22,3
20/01/2025,524,445,30,3
8/02/2025,741,446,26,3
2/02/2025,133,446,7,3
26/01/2025,348,446,22,3
4/01/2025,178,446,7,3
7/02/2025,178,447,31,3
12/02/2025,739,447,25,3
15/01/2025,408,447,26,3
12/02/2025,629,447,50,3
27/01/2025,252,447,33,3
26/01/2025,290,448,3,3
3/01/2025,256,448,18,3
8/01/2025,318,448,10,3
7/02/2025,264,449,22,3
8/01/2025,220,449,15,3
10/01/2025,182,449,45,3
4/02/2025,606,449,43,3
3/02/2025,472,450,25,3
4/02/2025,581,450,39,3
31/01/2025,744,450,32,3
4/01/2025,295,450,15,3
11/01/2025,548,451,10,3
5/02/2025,279,451,28,3
29/01/2025,620,451,44,3
13/01/2025,598,451,47,3
7/02/2025,333,452,33,3
8/01/2025,318,452,1,3
23/01/2025,738,452,48,3
18/01/2025,696,453,44,3
27/01/2025,621,453,8,3
8/01/2025,413,453,18,3
7/02/2025,160,454,27,3
10/01/2025,630,454,16,3
6/02/2025,725,454,41,3
10/02/2025,517,454,32,3
20/01/2025,751,455,34,3
4/02/2025,604,455,44,3
26/01/2025,171,455,6,3
5/02/2025,112,456,43,3
9/02/2025,717,456,28,3
