Cantidad,Cod_Hoja,Cod_prodFriday
339,1,APP1000001
324,1,APP1000002
308,1,APP1000003
334,1,APP1000004
342,1,PAS1000001
327,1,PAS1000002
317,1,PAS1000003
342,1,PAS1000004
321,1,SAL1000001
305,1,SAL1000002
349,1,SAL1000003
340,1,SAL1000004
336,1,CSF1000001
342,1,CSF1000002
323,1,CSF1000003
335,1,CSF1000004
315,1,POS1000001
318,1,POS1000002
337,1,POS1000003
347,1,POS1000004
324,1,BS10000001
339,1,BS10000002
300,1,BS10000003
350,1,BS10000004
332,1,BEV1000001
309,1,BEV1000002
335,1,BEV1000003
333,1,BEV1000004
342,1,COC1000001
313,1,COC1000002
349,1,COC1000003
300,1,COC1000004
330,2,APP1000001
321,2,APP1000002
300,2,APP1000003
346,2,APP1000004
340,2,PAS1000001
348,2,PAS1000002
304,2,PAS1000003
308,2,PAS1000004
325,2,SAL1000001
331,2,SAL1000002
326,2,SAL1000003
305,2,SAL1000004
300,2,CSF1000001
342,2,CSF1000002
340,2,CSF1000003
315,2,CSF1000004
313,2,POS1000001
346,2,POS1000002
326,2,POS1000003
322,2,POS1000004
312,2,BS10000001
317,2,BS10000002
319,2,BS10000003
301,2,BS10000004
336,2,BEV1000001
311,2,BEV1000002
308,2,BEV1000003
330,2,BEV1000004
332,2,COC1000001
313,2,COC1000002
309,2,COC1000003
324,2,COC1000004
317,3,APP1000001
319,3,APP1000002
324,3,APP1000003
304,3,APP1000004
305,3,PAS1000001
330,3,PAS1000002
321,3,PAS1000003
342,3,PAS1000004
341,3,SAL1000001
350,3,SAL1000002
320,3,SAL1000003
348,3,SAL1000004
319,3,CSF1000001
321,3,CSF1000002
316,3,CSF1000003
332,3,CSF1000004
347,3,POS1000001
350,3,POS1000002
316,3,POS1000003
345,3,POS1000004
317,3,BS10000001
318,3,BS10000002
310,3,BS10000003
338,3,BS10000004
319,3,BEV1000001
320,3,BEV1000002
302,3,BEV1000003
313,3,BEV1000004
334,3,COC1000001
323,3,COC1000002
348,3,COC1000003
313,3,COC1000004
339,4,APP1000001
320,4,APP1000002
324,4,APP1000003
338,4,APP1000004
313,4,PAS1000001
322,4,PAS1000002
304,4,PAS1000003
345,4,PAS1000004
339,4,SAL1000001
305,4,SAL1000002
331,4,SAL1000003
310,4,SAL1000004
305,4,CSF1000001
340,4,CSF1000002
329,4,CSF1000003
350,4,CSF1000004
330,4,POS1000001
319,4,POS1000002
316,4,POS1000003
305,4,POS1000004
332,4,BS10000001
308,4,BS10000002
319,4,BS10000003
309,4,BS10000004
336,4,BEV1000001
325,4,BEV1000002
342,4,BEV1000003
324,4,BEV1000004
337,4,COC1000001
301,4,COC1000002
324,4,COC1000003
306,4,COC1000004
345,5,APP1000001
346,5,APP1000002
338,5,APP1000003
329,5,APP1000004
342,5,PAS1000001
343,5,PAS1000002
349,5,PAS1000003
338,5,PAS1000004
337,5,SAL1000001
343,5,SAL1000002
316,5,SAL1000003
320,5,SAL1000004
320,5,CSF1000001
307,5,CSF1000002
314,5,CSF1000003
301,5,CSF1000004
320,5,POS1000001
310,5,POS1000002
306,5,POS1000003
307,5,POS1000004
337,5,BS10000001
339,5,BS10000002
330,5,BS10000003
318,5,BS10000004
300,5,BEV1000001
339,5,BEV1000002
314,5,BEV1000003
319,5,BEV1000004
344,5,COC1000001
350,5,COC1000002
317,5,COC1000003
319,5,COC1000004
305,6,APP1000001
305,6,APP1000002
308,6,APP1000003
305,6,APP1000004
342,6,PAS1000001
338,6,PAS1000002
308,6,PAS1000003
334,6,PAS1000004
304,6,SAL1000001
328,6,SAL1000002
341,6,SAL1000003
316,6,SAL1000004
339,6,CSF1000001
327,6,CSF1000002
321,6,CSF1000003
350,6,CSF1000004
306,6,POS1000001
331,6,POS1000002
304,6,POS1000003
313,6,POS1000004
319,6,BS10000001
306,6,BS10000002
340,6,BS10000003
319,6,BS10000004
313,6,BEV1000001
320,6,BEV1000002
335,6,BEV1000003
318,6,BEV1000004
317,6,COC1000001
346,6,COC1000002
341,6,COC1000003
326,6,COC1000004
303,7,APP1000001
331,7,APP1000002
325,7,APP1000003
350,7,APP1000004
302,7,PAS1000001
308,7,PAS1000002
326,7,PAS1000003
317,7,PAS1000004
302,7,SAL1000001
334,7,SAL1000002
342,7,SAL1000003
301,7,SAL1000004
350,7,CSF1000001
313,7,CSF1000002
300,7,CSF1000003
344,7,CSF1000004
309,7,POS1000001
339,7,POS1000002
308,7,POS1000003
319,7,POS1000004
332,7,BS10000001
337,7,BS10000002
326,7,BS10000003
342,7,BS10000004
329,7,BEV1000001
303,7,BEV1000002
324,7,BEV1000003
349,7,BEV1000004
310,7,COC1000001
318,7,COC1000002
308,7,COC1000003
335,7,COC1000004
329,8,APP1000001
344,8,APP1000002
333,8,APP1000003
305,8,APP1000004
300,8,PAS1000001
349,8,PAS1000002
342,8,PAS1000003
313,8,PAS1000004
349,8,SAL1000001
313,8,SAL1000002
340,8,SAL1000003
337,8,SAL1000004
303,8,CSF1000001
300,8,CSF1000002
305,8,CSF1000003
322,8,CSF1000004
331,8,POS1000001
340,8,POS1000002
349,8,POS1000003
332,8,POS1000004
346,8,BS10000001
325,8,BS10000002
319,8,BS10000003
306,8,BS10000004
304,8,BEV1000001
310,8,BEV1000002
337,8,BEV1000003
303,8,BEV1000004
303,8,COC1000001
318,8,COC1000002
314,8,COC1000003
308,8,COC1000004
320,9,APP1000001
350,9,APP1000002
325,9,APP1000003
306,9,APP1000004
342,9,PAS1000001
342,9,PAS1000002
344,9,PAS1000003
346,9,PAS1000004
323,9,SAL1000001
340,9,SAL1000002
310,9,SAL1000003
317,9,SAL1000004
349,9,CSF1000001
317,9,CSF1000002
302,9,CSF1000003
320,9,CSF1000004
327,9,POS1000001
300,9,POS1000002
302,9,POS1000003
349,9,POS1000004
350,9,BS10000001
302,9,BS10000002
312,9,BS10000003
325,9,BS10000004
310,9,BEV1000001
317,9,BEV1000002
338,9,BEV1000003
350,9,BEV1000004
305,9,COC1000001
319,9,COC1000002
334,9,COC1000003
346,9,COC1000004
346,10,APP1000001
337,10,APP1000002
343,10,APP1000003
308,10,APP1000004
342,10,PAS1000001
320,10,PAS1000002
326,10,PAS1000003
343,10,PAS1000004
327,10,SAL1000001
317,10,SAL1000002
323,10,SAL1000003
326,10,SAL1000004
320,10,CSF1000001
335,10,CSF1000002
320,10,CSF1000003
330,10,CSF1000004
324,10,POS1000001
328,10,POS1000002
316,10,POS1000003
322,10,POS1000004
306,10,BS10000001
300,10,BS10000002
331,10,BS10000003
347,10,BS10000004
320,10,BEV1000001
314,10,BEV1000002
319,10,BEV1000003
307,10,BEV1000004
317,10,COC1000001
331,10,COC1000002
332,10,COC1000003
324,10,COC1000004
318,11,APP1000001
311,11,APP1000002
328,11,APP1000003
327,11,APP1000004
307,11,PAS1000001
319,11,PAS1000002
303,11,PAS1000003
323,11,PAS1000004
336,11,SAL1000001
330,11,SAL1000002
340,11,SAL1000003
322,11,SAL1000004
316,11,CSF1000001
342,11,CSF1000002
315,11,CSF1000003
323,11,CSF1000004
301,11,POS1000001
325,11,POS1000002
301,11,POS1000003
326,11,POS1000004
318,11,BS10000001
334,11,BS10000002
336,11,BS10000003
326,11,BS10000004
336,11,BEV1000001
345,11,BEV1000002
348,11,BEV1000003
303,11,BEV1000004
350,11,COC1000001
309,11,COC1000002
317,11,COC1000003
340,11,COC1000004
322,12,APP1000001
309,12,APP1000002
313,12,APP1000003
344,12,APP1000004
313,12,PAS1000001
306,12,PAS1000002
305,12,PAS1000003
312,12,PAS1000004
314,12,SAL1000001
311,12,SAL1000002
302,12,SAL1000003
324,12,SAL1000004
329,12,CSF1000001
348,12,CSF1000002
324,12,CSF1000003
330,12,CSF1000004
342,12,POS1000001
318,12,POS1000002
320,12,POS1000003
347,12,POS1000004
336,12,BS10000001
311,12,BS10000002
326,12,BS10000003
313,12,BS10000004
318,12,BEV1000001
330,12,BEV1000002
310,12,BEV1000003
307,12,BEV1000004
335,12,COC1000001
337,12,COC1000002
332,12,COC1000003
327,12,COC1000004
348,13,APP1000001
301,13,APP1000002
310,13,APP1000003
313,13,APP1000004
309,13,PAS1000001
317,13,PAS1000002
322,13,PAS1000003
317,13,PAS1000004
334,13,SAL1000001
308,13,SAL1000002
311,13,SAL1000003
301,13,SAL1000004
325,13,CSF1000001
347,13,CSF1000002
322,13,CSF1000003
339,13,CSF1000004
319,13,POS1000001
325,13,POS1000002
329,13,POS1000003
330,13,POS1000004
319,13,BS10000001
306,13,BS10000002
343,13,BS10000003
328,13,BS10000004
328,13,BEV1000001
300,13,BEV1000002
322,13,BEV1000003
332,13,BEV1000004
345,13,COC1000001
349,13,COC1000002
311,13,COC1000003
344,13,COC1000004
346,14,APP1000001
348,14,APP1000002
334,14,APP1000003
316,14,APP1000004
326,14,PAS1000001
308,14,PAS1000002
316,14,PAS1000003
334,14,PAS1000004
333,14,SAL1000001
340,14,SAL1000002
330,14,SAL1000003
319,14,SAL1000004
349,14,CSF1000001
337,14,CSF1000002
335,14,CSF1000003
326,14,CSF1000004
349,14,POS1000001
349,14,POS1000002
340,14,POS1000003
318,14,POS1000004
348,14,BS10000001
303,14,BS10000002
313,14,BS10000003
305,14,BS10000004
304,14,BEV1000001
333,14,BEV1000002
339,14,BEV1000003
321,14,BEV1000004
313,14,COC1000001
330,14,COC1000002
349,14,COC1000003
336,14,COC1000004
315,15,APP1000001
341,15,APP1000002
314,15,APP1000003
340,15,APP1000004
334,15,PAS1000001
330,15,PAS1000002
300,15,PAS1000003
313,15,PAS1000004
342,15,SAL1000001
329,15,SAL1000002
333,15,SAL1000003
335,15,SAL1000004
323,15,CSF1000001
346,15,CSF1000002
316,15,CSF1000003
334,15,CSF1000004
330,15,POS1000001
330,15,POS1000002
309,15,POS1000003
310,15,POS1000004
336,15,BS10000001
305,15,BS10000002
321,15,BS10000003
312,15,BS10000004
301,15,BEV1000001
329,15,BEV1000002
314,15,BEV1000003
325,15,BEV1000004
344,15,COC1000001
313,15,COC1000002
326,15,COC1000003
350,15,COC1000004
339,16,APP1000001
311,16,APP1000002
303,16,APP1000003
318,16,APP1000004
342,16,PAS1000001
319,16,PAS1000002
322,16,PAS1000003
320,16,PAS1000004
340,16,SAL1000001
350,16,SAL1000002
349,16,SAL1000003
332,16,SAL1000004
345,16,CSF1000001
345,16,CSF1000002
314,16,CSF1000003
324,16,CSF1000004
310,16,POS1000001
337,16,POS1000002
349,16,POS1000003
300,16,POS1000004
317,16,BS10000001
315,16,BS10000002
301,16,BS10000003
318,16,BS10000004
321,16,BEV1000001
334,16,BEV1000002
302,16,BEV1000003
349,16,BEV1000004
339,16,COC1000001
332,16,COC1000002
344,16,COC1000003
310,16,COC1000004
342,17,APP1000001
309,17,APP1000002
333,17,APP1000003
347,17,APP1000004
312,17,PAS1000001
333,17,PAS1000002
301,17,PAS1000003
332,17,PAS1000004
302,17,SAL1000001
304,17,SAL1000002
342,17,SAL1000003
311,17,SAL1000004
319,17,CSF1000001
318,17,CSF1000002
309,17,CSF1000003
343,17,CSF1000004
341,17,POS1000001
348,17,POS1000002
340,17,POS1000003
301,17,POS1000004
331,17,BS10000001
305,17,BS10000002
332,17,BS10000003
300,17,BS10000004
320,17,BEV1000001
343,17,BEV1000002
328,17,BEV1000003
311,17,BEV1000004
308,17,COC1000001
314,17,COC1000002
305,17,COC1000003
347,17,COC1000004
321,18,APP1000001
321,18,APP1000002
309,18,APP1000003
313,18,APP1000004
306,18,PAS1000001
339,18,PAS1000002
342,18,PAS1000003
304,18,PAS1000004
346,18,SAL1000001
300,18,SAL1000002
333,18,SAL1000003
324,18,SAL1000004
302,18,CSF1000001
300,18,CSF1000002
304,18,CSF1000003
301,18,CSF1000004
348,18,POS1000001
345,18,POS1000002
329,18,POS1000003
320,18,POS1000004
318,18,BS10000001
333,18,BS10000002
350,18,BS10000003
300,18,BS10000004
333,18,BEV1000001
304,18,BEV1000002
327,18,BEV1000003
314,18,BEV1000004
339,18,COC1000001
341,18,COC1000002
342,18,COC1000003
336,18,COC1000004
331,19,APP1000001
330,19,APP1000002
347,19,APP1000003
302,19,APP1000004
330,19,PAS1000001
339,19,PAS1000002
318,19,PAS1000003
325,19,PAS1000004
303,19,SAL1000001
304,19,SAL1000002
317,19,SAL1000003
313,19,SAL1000004
342,19,CSF1000001
337,19,CSF1000002
321,19,CSF1000003
330,19,CSF1000004
344,19,POS1000001
318,19,POS1000002
348,19,POS1000003
325,19,POS1000004
302,19,BS10000001
326,19,BS10000002
300,19,BS10000003
302,19,BS10000004
339,19,BEV1000001
346,19,BEV1000002
334,19,BEV1000003
336,19,BEV1000004
306,19,COC1000001
326,19,COC1000002
329,19,COC1000003
307,19,COC1000004
307,20,APP1000001
321,20,APP1000002
303,20,APP1000003
337,20,APP1000004
306,20,PAS1000001
314,20,PAS1000002
332,20,PAS1000003
311,20,PAS1000004
342,20,SAL1000001
336,20,SAL1000002
341,20,SAL1000003
307,20,SAL1000004
328,20,CSF1000001
310,20,CSF1000002
347,20,CSF1000003
330,20,CSF1000004
313,20,POS1000001
315,20,POS1000002
337,20,POS1000003
304,20,POS1000004
319,20,BS10000001
320,20,BS10000002
323,20,BS10000003
310,20,BS10000004
347,20,BEV1000001
330,20,BEV1000002
305,20,BEV1000003
349,20,BEV1000004
319,20,COC1000001
345,20,COC1000002
306,20,COC1000003
315,20,COC1000004
317,21,APP1000001
327,21,APP1000002
321,21,APP1000003
319,21,APP1000004
326,21,PAS1000001
342,21,PAS1000002
314,21,PAS1000003
342,21,PAS1000004
339,21,SAL1000001
307,21,SAL1000002
320,21,SAL1000003
344,21,SAL1000004
310,21,CSF1000001
330,21,CSF1000002
328,21,CSF1000003
320,21,CSF1000004
308,21,POS1000001
306,21,POS1000002
323,21,POS1000003
314,21,POS1000004
318,21,BS10000001
328,21,BS10000002
301,21,BS10000003
346,21,BS10000004
336,21,BEV1000001
319,21,BEV1000002
349,21,BEV1000003
300,21,BEV1000004
309,21,COC1000001
302,21,COC1000002
324,21,COC1000003
325,21,COC1000004
328,22,APP1000001
328,22,APP1000002
316,22,APP1000003
321,22,APP1000004
334,22,PAS1000001
325,22,PAS1000002
317,22,PAS1000003
315,22,PAS1000004
323,22,SAL1000001
307,22,SAL1000002
340,22,SAL1000003
324,22,SAL1000004
336,22,CSF1000001
327,22,CSF1000002
324,22,CSF1000003
345,22,CSF1000004
312,22,POS1000001
350,22,POS1000002
319,22,POS1000003
308,22,POS1000004
347,22,BS10000001
330,22,BS10000002
320,22,BS10000003
345,22,BS10000004
305,22,BEV1000001
318,22,BEV1000002
322,22,BEV1000003
307,22,BEV1000004
340,22,COC1000001
316,22,COC1000002
333,22,COC1000003
302,22,COC1000004
348,23,APP1000001
341,23,APP1000002
324,23,APP1000003
315,23,APP1000004
322,23,PAS1000001
322,23,PAS1000002
311,23,PAS1000003
345,23,PAS1000004
349,23,SAL1000001
326,23,SAL1000002
309,23,SAL1000003
300,23,SAL1000004
336,23,CSF1000001
317,23,CSF1000002
330,23,CSF1000003
315,23,CSF1000004
304,23,POS1000001
346,23,POS1000002
316,23,POS1000003
342,23,POS1000004
336,23,BS10000001
342,23,BS10000002
326,23,BS10000003
314,23,BS10000004
324,23,BEV1000001
325,23,BEV1000002
307,23,BEV1000003
323,23,BEV1000004
301,23,COC1000001
335,23,COC1000002
333,23,COC1000003
306,23,COC1000004
345,24,APP1000001
311,24,APP1000002
339,24,APP1000003
317,24,APP1000004
313,24,PAS1000001
347,24,PAS1000002
323,24,PAS1000003
312,24,PAS1000004
303,24,SAL1000001
321,24,SAL1000002
348,24,SAL1000003
318,24,SAL1000004
308,24,CSF1000001
325,24,CSF1000002
308,24,CSF1000003
303,24,CSF1000004
344,24,POS1000001
315,24,POS1000002
308,24,POS1000003
347,24,POS1000004
308,24,BS10000001
311,24,BS10000002
310,24,BS10000003
344,24,BS10000004
347,24,BEV1000001
330,24,BEV1000002
338,24,BEV1000003
327,24,BEV1000004
348,24,COC1000001
333,24,COC1000002
317,24,COC1000003
341,24,COC1000004
303,25,APP1000001
341,25,APP1000002
347,25,APP1000003
348,25,APP1000004
347,25,PAS1000001
346,25,PAS1000002
311,25,PAS1000003
322,25,PAS1000004
303,25,SAL1000001
308,25,SAL1000002
303,25,SAL1000003
339,25,SAL1000004
321,25,CSF1000001
349,25,CSF1000002
340,25,CSF1000003
308,25,CSF1000004
318,25,POS1000001
322,25,POS1000002
330,25,POS1000003
338,25,POS1000004
326,25,BS10000001
311,25,BS10000002
321,25,BS10000003
340,25,BS10000004
316,25,BEV1000001
342,25,BEV1000002
342,25,BEV1000003
333,25,BEV1000004
334,25,COC1000001
312,25,COC1000002
324,25,COC1000003
314,25,COC1000004
316,26,APP1000001
316,26,APP1000002
334,26,APP1000003
303,26,APP1000004
349,26,PAS1000001
324,26,PAS1000002
327,26,PAS1000003
322,26,PAS1000004
321,26,SAL1000001
335,26,SAL1000002
339,26,SAL1000003
347,26,SAL1000004
311,26,CSF1000001
321,26,CSF1000002
338,26,CSF1000003
310,26,CSF1000004
306,26,POS1000001
336,26,POS1000002
314,26,POS1000003
334,26,POS1000004
338,26,BS10000001
346,26,BS10000002
326,26,BS10000003
317,26,BS10000004
300,26,BEV1000001
324,26,BEV1000002
312,26,BEV1000003
333,26,BEV1000004
324,26,COC1000001
324,26,COC1000002
329,26,COC1000003
311,26,COC1000004
320,27,APP1000001
332,27,APP1000002
322,27,APP1000003
311,27,APP1000004
332,27,PAS1000001
337,27,PAS1000002
343,27,PAS1000003
322,27,PAS1000004
330,27,SAL1000001
314,27,SAL1000002
340,27,SAL1000003
342,27,SAL1000004
336,27,CSF1000001
330,27,CSF1000002
303,27,CSF1000003
332,27,CSF1000004
326,27,POS1000001
314,27,POS1000002
347,27,POS1000003
303,27,POS1000004
325,27,BS10000001
338,27,BS10000002
323,27,BS10000003
330,27,BS10000004
340,27,BEV1000001
332,27,BEV1000002
350,27,BEV1000003
324,27,BEV1000004
314,27,COC1000001
303,27,COC1000002
341,27,COC1000003
313,27,COC1000004
349,28,APP1000001
337,28,APP1000002
342,28,APP1000003
309,28,APP1000004
330,28,PAS1000001
301,28,PAS1000002
344,28,PAS1000003
328,28,PAS1000004
321,28,SAL1000001
305,28,SAL1000002
347,28,SAL1000003
337,28,SAL1000004
347,28,CSF1000001
324,28,CSF1000002
335,28,CSF1000003
336,28,CSF1000004
303,28,POS1000001
320,28,POS1000002
326,28,POS1000003
347,28,POS1000004
316,28,BS10000001
311,28,BS10000002
348,28,BS10000003
317,28,BS10000004
301,28,BEV1000001
336,28,BEV1000002
308,28,BEV1000003
318,28,BEV1000004
345,28,COC1000001
301,28,COC1000002
313,28,COC1000003
304,28,COC1000004
320,29,APP1000001
313,29,APP1000002
344,29,APP1000003
306,29,APP1000004
338,29,PAS1000001
316,29,PAS1000002
322,29,PAS1000003
349,29,PAS1000004
312,29,SAL1000001
330,29,SAL1000002
336,29,SAL1000003
320,29,SAL1000004
314,29,CSF1000001
304,29,CSF1000002
344,29,CSF1000003
329,29,CSF1000004
333,29,POS1000001
311,29,POS1000002
348,29,POS1000003
302,29,POS1000004
302,29,BS10000001
310,29,BS10000002
326,29,BS10000003
325,29,BS10000004
319,29,BEV1000001
303,29,BEV1000002
331,29,BEV1000003
325,29,BEV1000004
305,29,COC1000001
304,29,COC1000002
317,29,COC1000003
325,29,COC1000004
302,30,APP1000001
321,30,APP1000002
338,30,APP1000003
315,30,APP1000004
332,30,PAS1000001
337,30,PAS1000002
320,30,PAS1000003
347,30,PAS1000004
321,30,SAL1000001
323,30,SAL1000002
346,30,SAL1000003
317,30,SAL1000004
336,30,CSF1000001
316,30,CSF1000002
331,30,CSF1000003
335,30,CSF1000004
346,30,POS1000001
343,30,POS1000002
302,30,POS1000003
345,30,POS1000004
340,30,BS10000001
340,30,BS10000002
312,30,BS10000003
322,30,BS10000004
302,30,BEV1000001
310,30,BEV1000002
346,30,BEV1000003
311,30,BEV1000004
319,30,COC1000001
326,30,COC1000002
306,30,COC1000003
343,30,COC1000004
333,31,APP1000001
310,31,APP1000002
332,31,APP1000003
328,31,APP1000004
348,31,PAS1000001
350,31,PAS1000002
319,31,PAS1000003
318,31,PAS1000004
346,31,SAL1000001
306,31,SAL1000002
346,31,SAL1000003
302,31,SAL1000004
312,31,CSF1000001
303,31,CSF1000002
347,31,CSF1000003
334,31,CSF1000004
334,31,POS1000001
310,31,POS1000002
343,31,POS1000003
340,31,POS1000004
333,31,BS10000001
343,31,BS10000002
315,31,BS10000003
303,31,BS10000004
340,31,BEV1000001
320,31,BEV1000002
320,31,BEV1000003
336,31,BEV1000004
311,31,COC1000001
338,31,COC1000002
332,31,COC1000003
311,31,COC1000004
322,32,APP1000001
321,32,APP1000002
344,32,APP1000003
313,32,APP1000004
343,32,PAS1000001
332,32,PAS1000002
317,32,PAS1000003
340,32,PAS1000004
319,32,SAL1000001
311,32,SAL1000002
300,32,SAL1000003
316,32,SAL1000004
347,32,CSF1000001
338,32,CSF1000002
328,32,CSF1000003
306,32,CSF1000004
332,32,POS1000001
309,32,POS1000002
325,32,POS1000003
300,32,POS1000004
350,32,BS10000001
332,32,BS10000002
323,32,BS10000003
316,32,BS10000004
308,32,BEV1000001
304,32,BEV1000002
345,32,BEV1000003
346,32,BEV1000004
342,32,COC1000001
315,32,COC1000002
324,32,COC1000003
315,32,COC1000004
306,33,APP1000001
310,33,APP1000002
301,33,APP1000003
329,33,APP1000004
303,33,PAS1000001
339,33,PAS1000002
320,33,PAS1000003
311,33,PAS1000004
317,33,SAL1000001
311,33,SAL1000002
306,33,SAL1000003
308,33,SAL1000004
307,33,CSF1000001
329,33,CSF1000002
302,33,CSF1000003
308,33,CSF1000004
343,33,POS1000001
304,33,POS1000002
307,33,POS1000003
344,33,POS1000004
306,33,BS10000001
318,33,BS10000002
320,33,BS10000003
330,33,BS10000004
328,33,BEV1000001
303,33,BEV1000002
300,33,BEV1000003
314,33,BEV1000004
349,33,COC1000001
310,33,COC1000002
308,33,COC1000003
335,33,COC1000004
335,34,APP1000001
313,34,APP1000002
325,34,APP1000003
323,34,APP1000004
325,34,PAS1000001
338,34,PAS1000002
301,34,PAS1000003
322,34,PAS1000004
329,34,SAL1000001
331,34,SAL1000002
320,34,SAL1000003
314,34,SAL1000004
312,34,CSF1000001
314,34,CSF1000002
312,34,CSF1000003
326,34,CSF1000004
329,34,POS1000001
345,34,POS1000002
329,34,POS1000003
350,34,POS1000004
341,34,BS10000001
346,34,BS10000002
329,34,BS10000003
323,34,BS10000004
340,34,BEV1000001
336,34,BEV1000002
343,34,BEV1000003
303,34,BEV1000004
314,34,COC1000001
350,34,COC1000002
316,34,COC1000003
310,34,COC1000004
317,35,APP1000001
342,35,APP1000002
300,35,APP1000003
311,35,APP1000004
333,35,PAS1000001
317,35,PAS1000002
315,35,PAS1000003
306,35,PAS1000004
312,35,SAL1000001
338,35,SAL1000002
322,35,SAL1000003
334,35,SAL1000004
350,35,CSF1000001
331,35,CSF1000002
345,35,CSF1000003
312,35,CSF1000004
313,35,POS1000001
346,35,POS1000002
346,35,POS1000003
301,35,POS1000004
311,35,BS10000001
315,35,BS10000002
341,35,BS10000003
306,35,BS10000004
331,35,BEV1000001
313,35,BEV1000002
304,35,BEV1000003
330,35,BEV1000004
342,35,COC1000001
317,35,COC1000002
331,35,COC1000003
309,35,COC1000004
337,36,APP1000001
318,36,APP1000002
321,36,APP1000003
350,36,APP1000004
330,36,PAS1000001
333,36,PAS1000002
304,36,PAS1000003
307,36,PAS1000004
323,36,SAL1000001
303,36,SAL1000002
301,36,SAL1000003
305,36,SAL1000004
326,36,CSF1000001
310,36,CSF1000002
342,36,CSF1000003
321,36,CSF1000004
307,36,POS1000001
331,36,POS1000002
321,36,POS1000003
340,36,POS1000004
341,36,BS10000001
314,36,BS10000002
339,36,BS10000003
325,36,BS10000004
349,36,BEV1000001
328,36,BEV1000002
309,36,BEV1000003
320,36,BEV1000004
314,36,COC1000001
311,36,COC1000002
312,36,COC1000003
333,36,COC1000004
322,37,APP1000001
313,37,APP1000002
318,37,APP1000003
315,37,APP1000004
320,37,PAS1000001
349,37,PAS1000002
304,37,PAS1000003
336,37,PAS1000004
330,37,SAL1000001
302,37,SAL1000002
308,37,SAL1000003
348,37,SAL1000004
332,37,CSF1000001
331,37,CSF1000002
316,37,CSF1000003
322,37,CSF1000004
332,37,POS1000001
315,37,POS1000002
324,37,POS1000003
343,37,POS1000004
329,37,BS10000001
332,37,BS10000002
330,37,BS10000003
333,37,BS10000004
316,37,BEV1000001
327,37,BEV1000002
323,37,BEV1000003
306,37,BEV1000004
348,37,COC1000001
349,37,COC1000002
340,37,COC1000003
348,37,COC1000004
308,38,APP1000001
325,38,APP1000002
313,38,APP1000003
319,38,APP1000004
339,38,PAS1000001
313,38,PAS1000002
307,38,PAS1000003
349,38,PAS1000004
333,38,SAL1000001
307,38,SAL1000002
309,38,SAL1000003
331,38,SAL1000004
337,38,CSF1000001
319,38,CSF1000002
321,38,CSF1000003
318,38,CSF1000004
321,38,POS1000001
345,38,POS1000002
331,38,POS1000003
338,38,POS1000004
340,38,BS10000001
317,38,BS10000002
305,38,BS10000003
335,38,BS10000004
320,38,BEV1000001
343,38,BEV1000002
319,38,BEV1000003
319,38,BEV1000004
349,38,COC1000001
338,38,COC1000002
339,38,COC1000003
344,38,COC1000004
324,39,APP1000001
324,39,APP1000002
318,39,APP1000003
312,39,APP1000004
329,39,PAS1000001
326,39,PAS1000002
305,39,PAS1000003
333,39,PAS1000004
344,39,SAL1000001
328,39,SAL1000002
343,39,SAL1000003
330,39,SAL1000004
334,39,CSF1000001
324,39,CSF1000002
336,39,CSF1000003
335,39,CSF1000004
335,39,POS1000001
317,39,POS1000002
300,39,POS1000003
323,39,POS1000004
345,39,BS10000001
325,39,BS10000002
324,39,BS10000003
303,39,BS10000004
330,39,BEV1000001
308,39,BEV1000002
334,39,BEV1000003
338,39,BEV1000004
304,39,COC1000001
346,39,COC1000002
347,39,COC1000003
320,39,COC1000004
342,40,APP1000001
338,40,APP1000002
343,40,APP1000003
336,40,APP1000004
339,40,PAS1000001
301,40,PAS1000002
327,40,PAS1000003
309,40,PAS1000004
329,40,SAL1000001
307,40,SAL1000002
334,40,SAL1000003
300,40,SAL1000004
318,40,CSF1000001
308,40,CSF1000002
313,40,CSF1000003
312,40,CSF1000004
337,40,POS1000001
314,40,POS1000002
302,40,POS1000003
319,40,POS1000004
313,40,BS10000001
326,40,BS10000002
338,40,BS10000003
306,40,BS10000004
330,40,BEV1000001
304,40,BEV1000002
308,40,BEV1000003
301,40,BEV1000004
337,40,COC1000001
318,40,COC1000002
337,40,COC1000003
347,40,COC1000004
309,41,APP1000001
329,41,APP1000002
320,41,APP1000003
341,41,APP1000004
344,41,PAS1000001
307,41,PAS1000002
304,41,PAS1000003
328,41,PAS1000004
320,41,SAL1000001
322,41,SAL1000002
326,41,SAL1000003
347,41,SAL1000004
320,41,CSF1000001
321,41,CSF1000002
308,41,CSF1000003
346,41,CSF1000004
334,41,POS1000001
348,41,POS1000002
320,41,POS1000003
350,41,POS1000004
300,41,BS10000001
350,41,BS10000002
336,41,BS10000003
348,41,BS10000004
321,41,BEV1000001
307,41,BEV1000002
350,41,BEV1000003
342,41,BEV1000004
321,41,COC1000001
333,41,COC1000002
340,41,COC1000003
314,41,COC1000004
349,42,APP1000001
307,42,APP1000002
308,42,APP1000003
341,42,APP1000004
306,42,PAS1000001
307,42,PAS1000002
330,42,PAS1000003
337,42,PAS1000004
347,42,SAL1000001
309,42,SAL1000002
319,42,SAL1000003
317,42,SAL1000004
339,42,CSF1000001
309,42,CSF1000002
324,42,CSF1000003
346,42,CSF1000004
322,42,POS1000001
323,42,POS1000002
308,42,POS1000003
320,42,POS1000004
319,42,BS10000001
329,42,BS10000002
312,42,BS10000003
301,42,BS10000004
335,42,BEV1000001
347,42,BEV1000002
336,42,BEV1000003
335,42,BEV1000004
302,42,COC1000001
330,42,COC1000002
310,42,COC1000003
348,42,COC1000004
307,43,APP1000001
316,43,APP1000002
331,43,APP1000003
321,43,APP1000004
329,43,PAS1000001
314,43,PAS1000002
327,43,PAS1000003
304,43,PAS1000004
304,43,SAL1000001
350,43,SAL1000002
314,43,SAL1000003
335,43,SAL1000004
345,43,CSF1000001
342,43,CSF1000002
302,43,CSF1000003
338,43,CSF1000004
311,43,POS1000001
327,43,POS1000002
324,43,POS1000003
303,43,POS1000004
321,43,BS10000001
326,43,BS10000002
313,43,BS10000003
305,43,BS10000004
340,43,BEV1000001
309,43,BEV1000002
301,43,BEV1000003
331,43,BEV1000004
312,43,COC1000001
348,43,COC1000002
343,43,COC1000003
318,43,COC1000004
335,44,APP1000001
329,44,APP1000002
323,44,APP1000003
325,44,APP1000004
320,44,PAS1000001
337,44,PAS1000002
303,44,PAS1000003
315,44,PAS1000004
319,44,SAL1000001
336,44,SAL1000002
350,44,SAL1000003
338,44,SAL1000004
342,44,CSF1000001
308,44,CSF1000002
313,44,CSF1000003
311,44,CSF1000004
304,44,POS1000001
316,44,POS1000002
348,44,POS1000003
333,44,POS1000004
304,44,BS10000001
330,44,BS10000002
321,44,BS10000003
324,44,BS10000004
306,44,BEV1000001
308,44,BEV1000002
350,44,BEV1000003
305,44,BEV1000004
339,44,COC1000001
335,44,COC1000002
320,44,COC1000003
301,44,COC1000004
344,45,APP1000001
338,45,APP1000002
350,45,APP1000003
340,45,APP1000004
323,45,PAS1000001
318,45,PAS1000002
313,45,PAS1000003
342,45,PAS1000004
304,45,SAL1000001
339,45,SAL1000002
322,45,SAL1000003
328,45,SAL1000004
327,45,CSF1000001
315,45,CSF1000002
313,45,CSF1000003
322,45,CSF1000004
320,45,POS1000001
338,45,POS1000002
339,45,POS1000003
319,45,POS1000004
327,45,BS10000001
330,45,BS10000002
342,45,BS10000003
347,45,BS10000004
315,45,BEV1000001
308,45,BEV1000002
322,45,BEV1000003
347,45,BEV1000004
321,45,COC1000001
310,45,COC1000002
333,45,COC1000003
311,45,COC1000004
310,46,APP1000001
349,46,APP1000002
300,46,APP1000003
312,46,APP1000004
304,46,PAS1000001
325,46,PAS1000002
343,46,PAS1000003
314,46,PAS1000004
335,46,SAL1000001
303,46,SAL1000002
313,46,SAL1000003
345,46,SAL1000004
316,46,CSF1000001
326,46,CSF1000002
328,46,CSF1000003
302,46,CSF1000004
337,46,POS1000001
328,46,POS1000002
328,46,POS1000003
333,46,POS1000004
314,46,BS10000001
301,46,BS10000002
342,46,BS10000003
322,46,BS10000004
300,46,BEV1000001
301,46,BEV1000002
337,46,BEV1000003
317,46,BEV1000004
342,46,COC1000001
309,46,COC1000002
309,46,COC1000003
308,46,COC1000004
337,47,APP1000001
313,47,APP1000002
345,47,APP1000003
336,47,APP1000004
302,47,PAS1000001
342,47,PAS1000002
338,47,PAS1000003
336,47,PAS1000004
326,47,SAL1000001
317,47,SAL1000002
339,47,SAL1000003
312,47,SAL1000004
339,47,CSF1000001
321,47,CSF1000002
317,47,CSF1000003
331,47,CSF1000004
321,47,POS1000001
320,47,POS1000002
329,47,POS1000003
301,47,POS1000004
317,47,BS10000001
305,47,BS10000002
322,47,BS10000003
332,47,BS10000004
333,47,BEV1000001
318,47,BEV1000002
327,47,BEV1000003
329,47,BEV1000004
300,47,COC1000001
350,47,COC1000002
342,47,COC1000003
302,47,COC1000004
329,48,APP1000001
349,48,APP1000002
338,48,APP1000003
316,48,APP1000004
313,48,PAS1000001
347,48,PAS1000002
321,48,PAS1000003
320,48,PAS1000004
340,48,SAL1000001
325,48,SAL1000002
346,48,SAL1000003
334,48,SAL1000004
305,48,CSF1000001
350,48,CSF1000002
328,48,CSF1000003
316,48,CSF1000004
316,48,POS1000001
319,48,POS1000002
321,48,POS1000003
322,48,POS1000004
328,48,BS10000001
339,48,BS10000002
317,48,BS10000003
311,48,BS10000004
343,48,BEV1000001
319,48,BEV1000002
328,48,BEV1000003
300,48,BEV1000004
329,48,COC1000001
342,48,COC1000002
312,48,COC1000003
348,48,COC1000004
304,49,APP1000001
344,49,APP1000002
323,49,APP1000003
349,49,APP1000004
326,49,PAS1000001
309,49,PAS1000002
321,49,PAS1000003
304,49,PAS1000004
337,49,SAL1000001
321,49,SAL1000002
314,49,SAL1000003
349,49,SAL1000004
302,49,CSF1000001
318,49,CSF1000002
308,49,CSF1000003
305,49,CSF1000004
309,49,POS1000001
341,49,POS1000002
305,49,POS1000003
303,49,POS1000004
302,49,BS10000001
312,49,BS10000002
316,49,BS10000003
309,49,BS10000004
325,49,BEV1000001
349,49,BEV1000002
310,49,BEV1000003
301,49,BEV1000004
328,49,COC1000001
349,49,COC1000002
326,49,COC1000003
301,49,COC1000004
348,50,APP1000001
318,50,APP1000002
339,50,APP1000003
310,50,APP1000004
329,50,PAS1000001
323,50,PAS1000002
317,50,PAS1000003
327,50,PAS1000004
317,50,SAL1000001
300,50,SAL1000002
332,50,SAL1000003
302,50,SAL1000004
303,50,CSF1000001
319,50,CSF1000002
337,50,CSF1000003
349,50,CSF1000004
338,50,POS1000001
337,50,POS1000002
340,50,POS1000003
339,50,POS1000004
331,50,BS10000001
349,50,BS10000002
328,50,BS10000003
347,50,BS10000004
326,50,BEV1000001
322,50,BEV1000002
335,50,BEV1000003
343,50,BEV1000004
346,50,COC1000001
305,50,COC1000002
337,50,COC1000003
342,50,COC1000004
349,51,APP1000001
322,51,APP1000002
347,51,APP1000003
347,51,APP1000004
309,51,PAS1000001
337,51,PAS1000002
305,51,PAS1000003
338,51,PAS1000004
338,51,SAL1000001
300,51,SAL1000002
343,51,SAL1000003
303,51,SAL1000004
301,51,CSF1000001
335,51,CSF1000002
319,51,CSF1000003
309,51,CSF1000004
336,51,POS1000001
320,51,POS1000002
323,51,POS1000003
316,51,POS1000004
349,51,BS10000001
346,51,BS10000002
313,51,BS10000003
326,51,BS10000004
301,51,BEV1000001
305,51,BEV1000002
339,51,BEV1000003
314,51,BEV1000004
303,51,COC1000001
349,51,COC1000002
310,51,COC1000003
311,51,COC1000004
348,52,APP1000001
342,52,APP1000002
323,52,APP1000003
326,52,APP1000004
336,52,PAS1000001
344,52,PAS1000002
325,52,PAS1000003
349,52,PAS1000004
340,52,SAL1000001
330,52,SAL1000002
337,52,SAL1000003
346,52,SAL1000004
339,52,CSF1000001
329,52,CSF1000002
342,52,CSF1000003
306,52,CSF1000004
311,52,POS1000001
325,52,POS1000002
342,52,POS1000003
302,52,POS1000004
342,52,BS10000001
326,52,BS10000002
331,52,BS10000003
310,52,BS10000004
329,52,BEV1000001
332,52,BEV1000002
306,52,BEV1000003
313,52,BEV1000004
328,52,COC1000001
332,52,COC1000002
318,52,COC1000003
340,52,COC1000004
339,53,APP1000001
341,53,APP1000002
324,53,APP1000003
344,53,APP1000004
312,53,PAS1000001
314,53,PAS1000002
336,53,PAS1000003
308,53,PAS1000004
340,53,SAL1000001
321,53,SAL1000002
317,53,SAL1000003
312,53,SAL1000004
340,53,CSF1000001
307,53,CSF1000002
326,53,CSF1000003
308,53,CSF1000004
329,53,POS1000001
347,53,POS1000002
339,53,POS1000003
322,53,POS1000004
315,53,BS10000001
312,53,BS10000002
325,53,BS10000003
348,53,BS10000004
302,53,BEV1000001
300,53,BEV1000002
304,53,BEV1000003
317,53,BEV1000004
312,53,COC1000001
334,53,COC1000002
303,53,COC1000003
315,53,COC1000004
329,54,APP1000001
306,54,APP1000002
333,54,APP1000003
328,54,APP1000004
348,54,PAS1000001
302,54,PAS1000002
326,54,PAS1000003
348,54,PAS1000004
303,54,SAL1000001
309,54,SAL1000002
349,54,SAL1000003
310,54,SAL1000004
339,54,CSF1000001
312,54,CSF1000002
300,54,CSF1000003
350,54,CSF1000004
348,54,POS1000001
322,54,POS1000002
328,54,POS1000003
332,54,POS1000004
300,54,BS10000001
300,54,BS10000002
325,54,BS10000003
339,54,BS10000004
326,54,BEV1000001
303,54,BEV1000002
341,54,BEV1000003
304,54,BEV1000004
318,54,COC1000001
323,54,COC1000002
320,54,COC1000003
318,54,COC1000004
313,55,APP1000001
333,55,APP1000002
345,55,APP1000003
329,55,APP1000004
309,55,PAS1000001
301,55,PAS1000002
310,55,PAS1000003
346,55,PAS1000004
345,55,SAL1000001
337,55,SAL1000002
312,55,SAL1000003
329,55,SAL1000004
323,55,CSF1000001
342,55,CSF1000002
348,55,CSF1000003
301,55,CSF1000004
329,55,POS1000001
336,55,POS1000002
335,55,POS1000003
338,55,POS1000004
341,55,BS10000001
350,55,BS10000002
320,55,BS10000003
346,55,BS10000004
337,55,BEV1000001
302,55,BEV1000002
301,55,BEV1000003
315,55,BEV1000004
307,55,COC1000001
322,55,COC1000002
339,55,COC1000003
311,55,COC1000004
303,56,APP1000001
315,56,APP1000002
306,56,APP1000003
301,56,APP1000004
327,56,PAS1000001
308,56,PAS1000002
323,56,PAS1000003
305,56,PAS1000004
348,56,SAL1000001
325,56,SAL1000002
330,56,SAL1000003
322,56,SAL1000004
344,56,CSF1000001
346,56,CSF1000002
326,56,CSF1000003
332,56,CSF1000004
340,56,POS1000001
350,56,POS1000002
333,56,POS1000003
306,56,POS1000004
312,56,BS10000001
347,56,BS10000002
331,56,BS10000003
345,56,BS10000004
327,56,BEV1000001
308,56,BEV1000002
334,56,BEV1000003
302,56,BEV1000004
311,56,COC1000001
302,56,COC1000002
345,56,COC1000003
305,56,COC1000004
315,57,APP1000001
339,57,APP1000002
324,57,APP1000003
310,57,APP1000004
349,57,PAS1000001
345,57,PAS1000002
346,57,PAS1000003
305,57,PAS1000004
300,57,SAL1000001
322,57,SAL1000002
307,57,SAL1000003
316,57,SAL1000004
310,57,CSF1000001
304,57,CSF1000002
318,57,CSF1000003
338,57,CSF1000004
320,57,POS1000001
318,57,POS1000002
314,57,POS1000003
306,57,POS1000004
340,57,BS10000001
303,57,BS10000002
338,57,BS10000003
345,57,BS10000004
305,57,BEV1000001
336,57,BEV1000002
348,57,BEV1000003
330,57,BEV1000004
312,57,COC1000001
314,57,COC1000002
331,57,COC1000003
308,57,COC1000004
311,58,APP1000001
328,58,APP1000002
309,58,APP1000003
348,58,APP1000004
335,58,PAS1000001
332,58,PAS1000002
315,58,PAS1000003
315,58,PAS1000004
305,58,SAL1000001
316,58,SAL1000002
315,58,SAL1000003
305,58,SAL1000004
322,58,CSF1000001
303,58,CSF1000002
315,58,CSF1000003
343,58,CSF1000004
303,58,POS1000001
340,58,POS1000002
317,58,POS1000003
349,58,POS1000004
336,58,BS10000001
346,58,BS10000002
326,58,BS10000003
311,58,BS10000004
312,58,BEV1000001
321,58,BEV1000002
322,58,BEV1000003
347,58,BEV1000004
350,58,COC1000001
324,58,COC1000002
330,58,COC1000003
348,58,COC1000004
316,59,APP1000001
302,59,APP1000002
310,59,APP1000003
309,59,APP1000004
309,59,PAS1000001
337,59,PAS1000002
314,59,PAS1000003
300,59,PAS1000004
338,59,SAL1000001
346,59,SAL1000002
312,59,SAL1000003
322,59,SAL1000004
323,59,CSF1000001
325,59,CSF1000002
343,59,CSF1000003
305,59,CSF1000004
300,59,POS1000001
342,59,POS1000002
310,59,POS1000003
319,59,POS1000004
346,59,BS10000001
318,59,BS10000002
332,59,BS10000003
329,59,BS10000004
349,59,BEV1000001
319,59,BEV1000002
319,59,BEV1000003
329,59,BEV1000004
325,59,COC1000001
306,59,COC1000002
349,59,COC1000003
343,59,COC1000004
316,60,APP1000001
308,60,APP1000002
314,60,APP1000003
338,60,APP1000004
337,60,PAS1000001
346,60,PAS1000002
308,60,PAS1000003
307,60,PAS1000004
301,60,SAL1000001
328,60,SAL1000002
300,60,SAL1000003
334,60,SAL1000004
340,60,CSF1000001
339,60,CSF1000002
330,60,CSF1000003
329,60,CSF1000004
324,60,POS1000001
311,60,POS1000002
343,60,POS1000003
300,60,POS1000004
304,60,BS10000001
308,60,BS10000002
338,60,BS10000003
332,60,BS10000004
320,60,BEV1000001
339,60,BEV1000002
310,60,BEV1000003
332,60,BEV1000004
330,60,COC1000001
312,60,COC1000002
338,60,COC1000003
321,60,COC1000004
341,61,APP1000001
301,61,APP1000002
337,61,APP1000003
307,61,APP1000004
323,61,PAS1000001
333,61,PAS1000002
313,61,PAS1000003
329,61,PAS1000004
307,61,SAL1000001
324,61,SAL1000002
303,61,SAL1000003
327,61,SAL1000004
330,61,CSF1000001
331,61,CSF1000002
311,61,CSF1000003
338,61,CSF1000004
327,61,POS1000001
311,61,POS1000002
323,61,POS1000003
316,61,POS1000004
333,61,BS10000001
328,61,BS10000002
304,61,BS10000003
305,61,BS10000004
330,61,BEV1000001
335,61,BEV1000002
328,61,BEV1000003
341,61,BEV1000004
324,61,COC1000001
345,61,COC1000002
317,61,COC1000003
322,61,COC1000004
350,62,APP1000001
305,62,APP1000002
336,62,APP1000003
345,62,APP1000004
309,62,PAS1000001
313,62,PAS1000002
306,62,PAS1000003
315,62,PAS1000004
315,62,SAL1000001
300,62,SAL1000002
346,62,SAL1000003
334,62,SAL1000004
329,62,CSF1000001
321,62,CSF1000002
300,62,CSF1000003
306,62,CSF1000004
306,62,POS1000001
328,62,POS1000002
345,62,POS1000003
301,62,POS1000004
339,62,BS10000001
308,62,BS10000002
338,62,BS10000003
346,62,BS10000004
318,62,BEV1000001
332,62,BEV1000002
345,62,BEV1000003
348,62,BEV1000004
306,62,COC1000001
310,62,COC1000002
344,62,COC1000003
343,62,COC1000004
339,63,APP1000001
325,63,APP1000002
347,63,APP1000003
325,63,APP1000004
337,63,PAS1000001
307,63,PAS1000002
331,63,PAS1000003
312,63,PAS1000004
346,63,SAL1000001
315,63,SAL1000002
335,63,SAL1000003
346,63,SAL1000004
333,63,CSF1000001
337,63,CSF1000002
300,63,CSF1000003
317,63,CSF1000004
327,63,POS1000001
332,63,POS1000002
341,63,POS1000003
317,63,POS1000004
323,63,BS10000001
344,63,BS10000002
344,63,BS10000003
325,63,BS10000004
346,63,BEV1000001
339,63,BEV1000002
335,63,BEV1000003
308,63,BEV1000004
346,63,COC1000001
312,63,COC1000002
315,63,COC1000003
331,63,COC1000004
316,64,APP1000001
338,64,APP1000002
314,64,APP1000003
339,64,APP1000004
346,64,PAS1000001
305,64,PAS1000002
349,64,PAS1000003
320,64,PAS1000004
318,64,SAL1000001
345,64,SAL1000002
312,64,SAL1000003
326,64,SAL1000004
302,64,CSF1000001
314,64,CSF1000002
309,64,CSF1000003
350,64,CSF1000004
337,64,POS1000001
344,64,POS1000002
340,64,POS1000003
334,64,POS1000004
319,64,BS10000001
343,64,BS10000002
319,64,BS10000003
342,64,BS10000004
324,64,BEV1000001
339,64,BEV1000002
326,64,BEV1000003
324,64,BEV1000004
313,64,COC1000001
324,64,COC1000002
350,64,COC1000003
334,64,COC1000004
327,65,APP1000001
338,65,APP1000002
323,65,APP1000003
349,65,APP1000004
342,65,PAS1000001
314,65,PAS1000002
318,65,PAS1000003
335,65,PAS1000004
345,65,SAL1000001
335,65,SAL1000002
317,65,SAL1000003
343,65,SAL1000004
310,65,CSF1000001
333,65,CSF1000002
307,65,CSF1000003
332,65,CSF1000004
304,65,POS1000001
313,65,POS1000002
307,65,POS1000003
326,65,POS1000004
328,65,BS10000001
323,65,BS10000002
334,65,BS10000003
315,65,BS10000004
343,65,BEV1000001
333,65,BEV1000002
309,65,BEV1000003
325,65,BEV1000004
336,65,COC1000001
322,65,COC1000002
320,65,COC1000003
331,65,COC1000004
322,66,APP1000001
327,66,APP1000002
326,66,APP1000003
334,66,APP1000004
317,66,PAS1000001
332,66,PAS1000002
337,66,PAS1000003
316,66,PAS1000004
328,66,SAL1000001
329,66,SAL1000002
335,66,SAL1000003
332,66,SAL1000004
305,66,CSF1000001
303,66,CSF1000002
315,66,CSF1000003
349,66,CSF1000004
305,66,POS1000001
318,66,POS1000002
347,66,POS1000003
306,66,POS1000004
343,66,BS10000001
348,66,BS10000002
331,66,BS10000003
319,66,BS10000004
343,66,BEV1000001
330,66,BEV1000002
339,66,BEV1000003
316,66,BEV1000004
326,66,COC1000001
304,66,COC1000002
344,66,COC1000003
322,66,COC1000004
350,67,APP1000001
344,67,APP1000002
326,67,APP1000003
314,67,APP1000004
348,67,PAS1000001
339,67,PAS1000002
340,67,PAS1000003
314,67,PAS1000004
310,67,SAL1000001
343,67,SAL1000002
335,67,SAL1000003
332,67,SAL1000004
345,67,CSF1000001
321,67,CSF1000002
314,67,CSF1000003
326,67,CSF1000004
305,67,POS1000001
341,67,POS1000002
327,67,POS1000003
321,67,POS1000004
346,67,BS10000001
340,67,BS10000002
334,67,BS10000003
311,67,BS10000004
321,67,BEV1000001
347,67,BEV1000002
302,67,BEV1000003
348,67,BEV1000004
346,67,COC1000001
331,67,COC1000002
341,67,COC1000003
321,67,COC1000004
327,68,APP1000001
326,68,APP1000002
349,68,APP1000003
314,68,APP1000004
304,68,PAS1000001
340,68,PAS1000002
310,68,PAS1000003
304,68,PAS1000004
304,68,SAL1000001
346,68,SAL1000002
336,68,SAL1000003
305,68,SAL1000004
346,68,CSF1000001
321,68,CSF1000002
305,68,CSF1000003
317,68,CSF1000004
301,68,POS1000001
337,68,POS1000002
339,68,POS1000003
330,68,POS1000004
315,68,BS10000001
312,68,BS10000002
329,68,BS10000003
339,68,BS10000004
309,68,BEV1000001
302,68,BEV1000002
301,68,BEV1000003
338,68,BEV1000004
348,68,COC1000001
344,68,COC1000002
309,68,COC1000003
332,68,COC1000004
324,69,APP1000001
314,69,APP1000002
341,69,APP1000003
348,69,APP1000004
320,69,PAS1000001
341,69,PAS1000002
331,69,PAS1000003
328,69,PAS1000004
335,69,SAL1000001
335,69,SAL1000002
316,69,SAL1000003
305,69,SAL1000004
320,69,CSF1000001
315,69,CSF1000002
336,69,CSF1000003
333,69,CSF1000004
319,69,POS1000001
301,69,POS1000002
349,69,POS1000003
339,69,POS1000004
341,69,BS10000001
322,69,BS10000002
343,69,BS10000003
317,69,BS10000004
343,69,BEV1000001
332,69,BEV1000002
325,69,BEV1000003
347,69,BEV1000004
313,69,COC1000001
321,69,COC1000002
338,69,COC1000003
312,69,COC1000004
331,70,APP1000001
346,70,APP1000002
339,70,APP1000003
334,70,APP1000004
308,70,PAS1000001
323,70,PAS1000002
308,70,PAS1000003
339,70,PAS1000004
301,70,SAL1000001
331,70,SAL1000002
313,70,SAL1000003
314,70,SAL1000004
319,70,CSF1000001
300,70,CSF1000002
347,70,CSF1000003
307,70,CSF1000004
308,70,POS1000001
350,70,POS1000002
316,70,POS1000003
318,70,POS1000004
341,70,BS10000001
313,70,BS10000002
329,70,BS10000003
315,70,BS10000004
315,70,BEV1000001
314,70,BEV1000002
327,70,BEV1000003
318,70,BEV1000004
346,70,COC1000001
329,70,COC1000002
338,70,COC1000003
327,70,COC1000004
341,71,APP1000001
337,71,APP1000002
349,71,APP1000003
301,71,APP1000004
307,71,PAS1000001
314,71,PAS1000002
320,71,PAS1000003
306,71,PAS1000004
341,71,SAL1000001
324,71,SAL1000002
348,71,SAL1000003
312,71,SAL1000004
309,71,CSF1000001
309,71,CSF1000002
310,71,CSF1000003
344,71,CSF1000004
328,71,POS1000001
326,71,POS1000002
321,71,POS1000003
334,71,POS1000004
312,71,BS10000001
313,71,BS10000002
345,71,BS10000003
305,71,BS10000004
329,71,BEV1000001
350,71,BEV1000002
348,71,BEV1000003
304,71,BEV1000004
323,71,COC1000001
324,71,COC1000002
302,71,COC1000003
345,71,COC1000004
326,72,APP1000001
306,72,APP1000002
329,72,APP1000003
346,72,APP1000004
350,72,PAS1000001
319,72,PAS1000002
320,72,PAS1000003
308,72,PAS1000004
306,72,SAL1000001
300,72,SAL1000002
347,72,SAL1000003
300,72,SAL1000004
310,72,CSF1000001
309,72,CSF1000002
318,72,CSF1000003
349,72,CSF1000004
328,72,POS1000001
320,72,POS1000002
302,72,POS1000003
331,72,POS1000004
314,72,BS10000001
308,72,BS10000002
315,72,BS10000003
343,72,BS10000004
317,72,BEV1000001
304,72,BEV1000002
317,72,BEV1000003
302,72,BEV1000004
304,72,COC1000001
348,72,COC1000002
336,72,COC1000003
332,72,COC1000004
339,73,APP1000001
304,73,APP1000002
339,73,APP1000003
311,73,APP1000004
338,73,PAS1000001
336,73,PAS1000002
341,73,PAS1000003
324,73,PAS1000004
329,73,SAL1000001
334,73,SAL1000002
344,73,SAL1000003
340,73,SAL1000004
308,73,CSF1000001
347,73,CSF1000002
324,73,CSF1000003
310,73,CSF1000004
346,73,POS1000001
350,73,POS1000002
312,73,POS1000003
344,73,POS1000004
326,73,BS10000001
310,73,BS10000002
307,73,BS10000003
311,73,BS10000004
336,73,BEV1000001
314,73,BEV1000002
332,73,BEV1000003
303,73,BEV1000004
334,73,COC1000001
338,73,COC1000002
347,73,COC1000003
304,73,COC1000004
348,74,APP1000001
339,74,APP1000002
312,74,APP1000003
342,74,APP1000004
312,74,PAS1000001
322,74,PAS1000002
343,74,PAS1000003
342,74,PAS1000004
347,74,SAL1000001
302,74,SAL1000002
323,74,SAL1000003
334,74,SAL1000004
308,74,CSF1000001
333,74,CSF1000002
311,74,CSF1000003
316,74,CSF1000004
339,74,POS1000001
342,74,POS1000002
333,74,POS1000003
342,74,POS1000004
300,74,BS10000001
338,74,BS10000002
308,74,BS10000003
341,74,BS10000004
325,74,BEV1000001
319,74,BEV1000002
327,74,BEV1000003
345,74,BEV1000004
336,74,COC1000001
318,74,COC1000002
344,74,COC1000003
318,74,COC1000004
303,75,APP1000001
304,75,APP1000002
317,75,APP1000003
335,75,APP1000004
310,75,PAS1000001
330,75,PAS1000002
346,75,PAS1000003
318,75,PAS1000004
347,75,SAL1000001
316,75,SAL1000002
339,75,SAL1000003
328,75,SAL1000004
319,75,CSF1000001
348,75,CSF1000002
312,75,CSF1000003
308,75,CSF1000004
323,75,POS1000001
313,75,POS1000002
349,75,POS1000003
321,75,POS1000004
324,75,BS10000001
306,75,BS10000002
304,75,BS10000003
300,75,BS10000004
301,75,BEV1000001
327,75,BEV1000002
303,75,BEV1000003
328,75,BEV1000004
348,75,COC1000001
303,75,COC1000002
339,75,COC1000003
349,75,COC1000004
336,76,APP1000001
334,76,APP1000002
321,76,APP1000003
349,76,APP1000004
321,76,PAS1000001
330,76,PAS1000002
307,76,PAS1000003
306,76,PAS1000004
326,76,SAL1000001
313,76,SAL1000002
322,76,SAL1000003
302,76,SAL1000004
343,76,CSF1000001
315,76,CSF1000002
306,76,CSF1000003
327,76,CSF1000004
317,76,POS1000001
301,76,POS1000002
300,76,POS1000003
346,76,POS1000004
314,76,BS10000001
326,76,BS10000002
310,76,BS10000003
339,76,BS10000004
321,76,BEV1000001
339,76,BEV1000002
349,76,BEV1000003
338,76,BEV1000004
337,76,COC1000001
310,76,COC1000002
300,76,COC1000003
307,76,COC1000004
340,77,APP1000001
336,77,APP1000002
331,77,APP1000003
332,77,APP1000004
343,77,PAS1000001
328,77,PAS1000002
333,77,PAS1000003
325,77,PAS1000004
337,77,SAL1000001
308,77,SAL1000002
330,77,SAL1000003
309,77,SAL1000004
342,77,CSF1000001
306,77,CSF1000002
309,77,CSF1000003
322,77,CSF1000004
304,77,POS1000001
324,77,POS1000002
346,77,POS1000003
320,77,POS1000004
313,77,BS10000001
324,77,BS10000002
327,77,BS10000003
314,77,BS10000004
313,77,BEV1000001
343,77,BEV1000002
334,77,BEV1000003
343,77,BEV1000004
322,77,COC1000001
320,77,COC1000002
349,77,COC1000003
326,77,COC1000004
324,78,APP1000001
316,78,APP1000002
350,78,APP1000003
302,78,APP1000004
324,78,PAS1000001
302,78,PAS1000002
320,78,PAS1000003
334,78,PAS1000004
319,78,SAL1000001
310,78,SAL1000002
333,78,SAL1000003
317,78,SAL1000004
318,78,CSF1000001
326,78,CSF1000002
310,78,CSF1000003
302,78,CSF1000004
323,78,POS1000001
318,78,POS1000002
338,78,POS1000003
347,78,POS1000004
317,78,BS10000001
343,78,BS10000002
324,78,BS10000003
305,78,BS10000004
302,78,BEV1000001
346,78,BEV1000002
335,78,BEV1000003
340,78,BEV1000004
300,78,COC1000001
310,78,COC1000002
310,78,COC1000003
329,78,COC1000004
345,79,APP1000001
301,79,APP1000002
348,79,APP1000003
326,79,APP1000004
315,79,PAS1000001
323,79,PAS1000002
346,79,PAS1000003
350,79,PAS1000004
333,79,SAL1000001
314,79,SAL1000002
309,79,SAL1000003
344,79,SAL1000004
320,79,CSF1000001
335,79,CSF1000002
343,79,CSF1000003
329,79,CSF1000004
301,79,POS1000001
345,79,POS1000002
343,79,POS1000003
325,79,POS1000004
331,79,BS10000001
326,79,BS10000002
329,79,BS10000003
349,79,BS10000004
334,79,BEV1000001
326,79,BEV1000002
317,79,BEV1000003
300,79,BEV1000004
328,79,COC1000001
317,79,COC1000002
304,79,COC1000003
320,79,COC1000004
330,80,APP1000001
301,80,APP1000002
320,80,APP1000003
318,80,APP1000004
344,80,PAS1000001
302,80,PAS1000002
315,80,PAS1000003
305,80,PAS1000004
324,80,SAL1000001
316,80,SAL1000002
316,80,SAL1000003
347,80,SAL1000004
344,80,CSF1000001
337,80,CSF1000002
329,80,CSF1000003
327,80,CSF1000004
324,80,POS1000001
311,80,POS1000002
323,80,POS1000003
311,80,POS1000004
303,80,BS10000001
332,80,BS10000002
309,80,BS10000003
304,80,BS10000004
303,80,BEV1000001
306,80,BEV1000002
321,80,BEV1000003
319,80,BEV1000004
330,80,COC1000001
316,80,COC1000002
343,80,COC1000003
303,80,COC1000004
301,81,APP1000001
306,81,APP1000002
342,81,APP1000003
330,81,APP1000004
346,81,PAS1000001
338,81,PAS1000002
320,81,PAS1000003
307,81,PAS1000004
320,81,SAL1000001
315,81,SAL1000002
317,81,SAL1000003
334,81,SAL1000004
306,81,CSF1000001
313,81,CSF1000002
331,81,CSF1000003
303,81,CSF1000004
340,81,POS1000001
332,81,POS1000002
337,81,POS1000003
329,81,POS1000004
322,81,BS10000001
311,81,BS10000002
313,81,BS10000003
338,81,BS10000004
301,81,BEV1000001
324,81,BEV1000002
313,81,BEV1000003
332,81,BEV1000004
317,81,COC1000001
320,81,COC1000002
323,81,COC1000003
350,81,COC1000004
301,82,APP1000001
342,82,APP1000002
338,82,APP1000003
317,82,APP1000004
339,82,PAS1000001
347,82,PAS1000002
334,82,PAS1000003
333,82,PAS1000004
345,82,SAL1000001
304,82,SAL1000002
310,82,SAL1000003
310,82,SAL1000004
329,82,CSF1000001
313,82,CSF1000002
328,82,CSF1000003
302,82,CSF1000004
329,82,POS1000001
345,82,POS1000002
309,82,POS1000003
342,82,POS1000004
324,82,BS10000001
318,82,BS10000002
350,82,BS10000003
344,82,BS10000004
344,82,BEV1000001
311,82,BEV1000002
316,82,BEV1000003
300,82,BEV1000004
324,82,COC1000001
344,82,COC1000002
315,82,COC1000003
329,82,COC1000004
309,83,APP1000001
349,83,APP1000002
308,83,APP1000003
315,83,APP1000004
315,83,PAS1000001
349,83,PAS1000002
319,83,PAS1000003
337,83,PAS1000004
326,83,SAL1000001
311,83,SAL1000002
314,83,SAL1000003
312,83,SAL1000004
326,83,CSF1000001
325,83,CSF1000002
343,83,CSF1000003
341,83,CSF1000004
315,83,POS1000001
302,83,POS1000002
311,83,POS1000003
317,83,POS1000004
342,83,BS10000001
306,83,BS10000002
348,83,BS10000003
338,83,BS10000004
320,83,BEV1000001
334,83,BEV1000002
300,83,BEV1000003
341,83,BEV1000004
304,83,COC1000001
314,83,COC1000002
309,83,COC1000003
329,83,COC1000004
333,84,APP1000001
308,84,APP1000002
349,84,APP1000003
331,84,APP1000004
338,84,PAS1000001
324,84,PAS1000002
332,84,PAS1000003
327,84,PAS1000004
303,84,SAL1000001
320,84,SAL1000002
318,84,SAL1000003
319,84,SAL1000004
310,84,CSF1000001
327,84,CSF1000002
337,84,CSF1000003
301,84,CSF1000004
309,84,POS1000001
344,84,POS1000002
321,84,POS1000003
320,84,POS1000004
346,84,BS10000001
345,84,BS10000002
313,84,BS10000003
337,84,BS10000004
302,84,BEV1000001
322,84,BEV1000002
316,84,BEV1000003
344,84,BEV1000004
306,84,COC1000001
332,84,COC1000002
338,84,COC1000003
307,84,COC1000004
300,85,APP1000001
309,85,APP1000002
324,85,APP1000003
335,85,APP1000004
326,85,PAS1000001
312,85,PAS1000002
332,85,PAS1000003
346,85,PAS1000004
301,85,SAL1000001
326,85,SAL1000002
344,85,SAL1000003
333,85,SAL1000004
301,85,CSF1000001
349,85,CSF1000002
328,85,CSF1000003
320,85,CSF1000004
348,85,POS1000001
328,85,POS1000002
302,85,POS1000003
318,85,POS1000004
348,85,BS10000001
303,85,BS10000002
321,85,BS10000003
320,85,BS10000004
305,85,BEV1000001
336,85,BEV1000002
303,85,BEV1000003
339,85,BEV1000004
337,85,COC1000001
316,85,COC1000002
342,85,COC1000003
342,85,COC1000004
348,86,APP1000001
341,86,APP1000002
324,86,APP1000003
340,86,APP1000004
349,86,PAS1000001
312,86,PAS1000002
320,86,PAS1000003
337,86,PAS1000004
307,86,SAL1000001
306,86,SAL1000002
301,86,SAL1000003
349,86,SAL1000004
324,86,CSF1000001
314,86,CSF1000002
304,86,CSF1000003
322,86,CSF1000004
332,86,POS1000001
300,86,POS1000002
302,86,POS1000003
312,86,POS1000004
323,86,BS10000001
339,86,BS10000002
343,86,BS10000003
336,86,BS10000004
303,86,BEV1000001
313,86,BEV1000002
324,86,BEV1000003
340,86,BEV1000004
341,86,COC1000001
319,86,COC1000002
333,86,COC1000003
320,86,COC1000004
328,87,APP1000001
318,87,APP1000002
324,87,APP1000003
332,87,APP1000004
329,87,PAS1000001
345,87,PAS1000002
319,87,PAS1000003
322,87,PAS1000004
328,87,SAL1000001
300,87,SAL1000002
311,87,SAL1000003
344,87,SAL1000004
327,87,CSF1000001
320,87,CSF1000002
320,87,CSF1000003
348,87,CSF1000004
315,87,POS1000001
312,87,POS1000002
324,87,POS1000003
302,87,POS1000004
335,87,BS10000001
344,87,BS10000002
347,87,BS10000003
343,87,BS10000004
316,87,BEV1000001
346,87,BEV1000002
329,87,BEV1000003
336,87,BEV1000004
310,87,COC1000001
334,87,COC1000002
328,87,COC1000003
338,87,COC1000004
333,88,APP1000001
329,88,APP1000002
344,88,APP1000003
330,88,APP1000004
320,88,PAS1000001
348,88,PAS1000002
300,88,PAS1000003
319,88,PAS1000004
336,88,SAL1000001
306,88,SAL1000002
327,88,SAL1000003
320,88,SAL1000004
309,88,CSF1000001
341,88,CSF1000002
339,88,CSF1000003
350,88,CSF1000004
328,88,POS1000001
310,88,POS1000002
322,88,POS1000003
327,88,POS1000004
300,88,BS10000001
303,88,BS10000002
325,88,BS10000003
332,88,BS10000004
318,88,BEV1000001
342,88,BEV1000002
323,88,BEV1000003
311,88,BEV1000004
305,88,COC1000001
331,88,COC1000002
306,88,COC1000003
309,88,COC1000004
346,89,APP1000001
312,89,APP1000002
333,89,APP1000003
302,89,APP1000004
344,89,PAS1000001
304,89,PAS1000002
339,89,PAS1000003
315,89,PAS1000004
302,89,SAL1000001
334,89,SAL1000002
308,89,SAL1000003
302,89,SAL1000004
303,89,CSF1000001
328,89,CSF1000002
346,89,CSF1000003
300,89,CSF1000004
311,89,POS1000001
305,89,POS1000002
334,89,POS1000003
336,89,POS1000004
331,89,BS10000001
323,89,BS10000002
327,89,BS10000003
328,89,BS10000004
347,89,BEV1000001
317,89,BEV1000002
347,89,BEV1000003
338,89,BEV1000004
330,89,COC1000001
349,89,COC1000002
321,89,COC1000003
300,89,COC1000004
339,90,APP1000001
302,90,APP1000002
305,90,APP1000003
316,90,APP1000004
350,90,PAS1000001
340,90,PAS1000002
330,90,PAS1000003
327,90,PAS1000004
325,90,SAL1000001
311,90,SAL1000002
337,90,SAL1000003
321,90,SAL1000004
322,90,CSF1000001
330,90,CSF1000002
327,90,CSF1000003
329,90,CSF1000004
332,90,POS1000001
329,90,POS1000002
307,90,POS1000003
333,90,POS1000004
349,90,BS10000001
312,90,BS10000002
317,90,BS10000003
345,90,BS10000004
340,90,BEV1000001
339,90,BEV1000002
335,90,BEV1000003
307,90,BEV1000004
305,90,COC1000001
322,90,COC1000002
341,90,COC1000003
313,90,COC1000004
323,91,APP1000001
319,91,APP1000002
321,91,APP1000003
328,91,APP1000004
300,91,PAS1000001
350,91,PAS1000002
338,91,PAS1000003
337,91,PAS1000004
300,91,SAL1000001
321,91,SAL1000002
315,91,SAL1000003
309,91,SAL1000004
342,91,CSF1000001
334,91,CSF1000002
314,91,CSF1000003
345,91,CSF1000004
319,91,POS1000001
350,91,POS1000002
338,91,POS1000003
307,91,POS1000004
304,91,BS10000001
317,91,BS10000002
344,91,BS10000003
307,91,BS10000004
332,91,BEV1000001
312,91,BEV1000002
323,91,BEV1000003
344,91,BEV1000004
310,91,COC1000001
301,91,COC1000002
342,91,COC1000003
314,91,COC1000004
304,92,APP1000001
310,92,APP1000002
348,92,APP1000003
330,92,APP1000004
313,92,PAS1000001
300,92,PAS1000002
326,92,PAS1000003
343,92,PAS1000004
345,92,SAL1000001
333,92,SAL1000002
336,92,SAL1000003
312,92,SAL1000004
326,92,CSF1000001
307,92,CSF1000002
347,92,CSF1000003
306,92,CSF1000004
313,92,POS1000001
324,92,POS1000002
316,92,POS1000003
314,92,POS1000004
330,92,BS10000001
336,92,BS10000002
334,92,BS10000003
346,92,BS10000004
326,92,BEV1000001
316,92,BEV1000002
327,92,BEV1000003
303,92,BEV1000004
330,92,COC1000001
334,92,COC1000002
339,92,COC1000003
313,92,COC1000004
316,93,APP1000001
330,93,APP1000002
332,93,APP1000003
345,93,APP1000004
331,93,PAS1000001
327,93,PAS1000002
331,93,PAS1000003
312,93,PAS1000004
338,93,SAL1000001
345,93,SAL1000002
318,93,SAL1000003
316,93,SAL1000004
343,93,CSF1000001
349,93,CSF1000002
303,93,CSF1000003
345,93,CSF1000004
337,93,POS1000001
312,93,POS1000002
343,93,POS1000003
348,93,POS1000004
349,93,BS10000001
344,93,BS10000002
337,93,BS10000003
349,93,BS10000004
318,93,BEV1000001
304,93,BEV1000002
336,93,BEV1000003
327,93,BEV1000004
349,93,COC1000001
331,93,COC1000002
335,93,COC1000003
317,93,COC1000004
333,94,APP1000001
347,94,APP1000002
322,94,APP1000003
306,94,APP1000004
325,94,PAS1000001
328,94,PAS1000002
314,94,PAS1000003
326,94,PAS1000004
307,94,SAL1000001
345,94,SAL1000002
303,94,SAL1000003
350,94,SAL1000004
315,94,CSF1000001
300,94,CSF1000002
329,94,CSF1000003
332,94,CSF1000004
334,94,POS1000001
306,94,POS1000002
329,94,POS1000003
329,94,POS1000004
319,94,BS10000001
339,94,BS10000002
349,94,BS10000003
326,94,BS10000004
312,94,BEV1000001
310,94,BEV1000002
326,94,BEV1000003
325,94,BEV1000004
331,94,COC1000001
333,94,COC1000002
302,94,COC1000003
329,94,COC1000004
319,95,APP1000001
340,95,APP1000002
326,95,APP1000003
345,95,APP1000004
315,95,PAS1000001
304,95,PAS1000002
322,95,PAS1000003
347,95,PAS1000004
302,95,SAL1000001
339,95,SAL1000002
304,95,SAL1000003
309,95,SAL1000004
319,95,CSF1000001
329,95,CSF1000002
326,95,CSF1000003
305,95,CSF1000004
346,95,POS1000001
337,95,POS1000002
338,95,POS1000003
342,95,POS1000004
332,95,BS10000001
308,95,BS10000002
308,95,BS10000003
314,95,BS10000004
322,95,BEV1000001
307,95,BEV1000002
309,95,BEV1000003
310,95,BEV1000004
342,95,COC1000001
319,95,COC1000002
350,95,COC1000003
318,95,COC1000004
303,96,APP1000001
324,96,APP1000002
341,96,APP1000003
334,96,APP1000004
331,96,PAS1000001
320,96,PAS1000002
335,96,PAS1000003
341,96,PAS1000004
337,96,SAL1000001
308,96,SAL1000002
316,96,SAL1000003
334,96,SAL1000004
321,96,CSF1000001
317,96,CSF1000002
343,96,CSF1000003
340,96,CSF1000004
301,96,POS1000001
300,96,POS1000002
340,96,POS1000003
317,96,POS1000004
327,96,BS10000001
325,96,BS10000002
308,96,BS10000003
319,96,BS10000004
304,96,BEV1000001
347,96,BEV1000002
311,96,BEV1000003
318,96,BEV1000004
346,96,COC1000001
339,96,COC1000002
343,96,COC1000003
305,96,COC1000004
323,97,APP1000001
319,97,APP1000002
335,97,APP1000003
340,97,APP1000004
328,97,PAS1000001
304,97,PAS1000002
338,97,PAS1000003
345,97,PAS1000004
320,97,SAL1000001
333,97,SAL1000002
337,97,SAL1000003
350,97,SAL1000004
308,97,CSF1000001
345,97,CSF1000002
344,97,CSF1000003
343,97,CSF1000004
323,97,POS1000001
322,97,POS1000002
317,97,POS1000003
329,97,POS1000004
343,97,BS10000001
332,97,BS10000002
344,97,BS10000003
313,97,BS10000004
310,97,BEV1000001
328,97,BEV1000002
335,97,BEV1000003
303,97,BEV1000004
322,97,COC1000001
343,97,COC1000002
301,97,COC1000003
347,97,COC1000004
336,98,APP1000001
325,98,APP1000002
320,98,APP1000003
347,98,APP1000004
312,98,PAS1000001
320,98,PAS1000002
308,98,PAS1000003
324,98,PAS1000004
311,98,SAL1000001
324,98,SAL1000002
305,98,SAL1000003
326,98,SAL1000004
350,98,CSF1000001
311,98,CSF1000002
337,98,CSF1000003
325,98,CSF1000004
323,98,POS1000001
304,98,POS1000002
333,98,POS1000003
324,98,POS1000004
335,98,BS10000001
344,98,BS10000002
318,98,BS10000003
301,98,BS10000004
336,98,BEV1000001
325,98,BEV1000002
300,98,BEV1000003
320,98,BEV1000004
334,98,COC1000001
343,98,COC1000002
318,98,COC1000003
341,98,COC1000004
334,99,APP1000001
322,99,APP1000002
307,99,APP1000003
350,99,APP1000004
326,99,PAS1000001
330,99,PAS1000002
301,99,PAS1000003
343,99,PAS1000004
337,99,SAL1000001
321,99,SAL1000002
314,99,SAL1000003
327,99,SAL1000004
309,99,CSF1000001
344,99,CSF1000002
312,99,CSF1000003
304,99,CSF1000004
303,99,POS1000001
325,99,POS1000002
322,99,POS1000003
311,99,POS1000004
311,99,BS10000001
333,99,BS10000002
327,99,BS10000003
313,99,BS10000004
339,99,BEV1000001
332,99,BEV1000002
329,99,BEV1000003
320,99,BEV1000004
348,99,COC1000001
344,99,COC1000002
319,99,COC1000003
303,99,COC1000004
342,100,APP1000001
311,100,APP1000002
306,100,APP1000003
320,100,APP1000004
304,100,PAS1000001
331,100,PAS1000002
343,100,PAS1000003
329,100,PAS1000004
334,100,SAL1000001
340,100,SAL1000002
303,100,SAL1000003
343,100,SAL1000004
304,100,CSF1000001
345,100,CSF1000002
325,100,CSF1000003
332,100,CSF1000004
332,100,POS1000001
337,100,POS1000002
338,100,POS1000003
306,100,POS1000004
325,100,BS10000001
300,100,BS10000002
325,100,BS10000003
331,100,BS10000004
322,100,BEV1000001
319,100,BEV1000002
345,100,BEV1000003
339,100,BEV1000004
327,100,COC1000001
304,100,COC1000002
334,100,COC1000003
324,100,COC1000004
334,101,APP1000001
342,101,APP1000002
329,101,APP1000003
327,101,APP1000004
350,101,PAS1000001
343,101,PAS1000002
329,101,PAS1000003
303,101,PAS1000004
306,101,SAL1000001
344,101,SAL1000002
332,101,SAL1000003
316,101,SAL1000004
312,101,CSF1000001
307,101,CSF1000002
336,101,CSF1000003
323,101,CSF1000004
307,101,POS1000001
337,101,POS1000002
314,101,POS1000003
309,101,POS1000004
350,101,BS10000001
338,101,BS10000002
300,101,BS10000003
330,101,BS10000004
324,101,BEV1000001
326,101,BEV1000002
329,101,BEV1000003
314,101,BEV1000004
322,101,COC1000001
312,101,COC1000002
319,101,COC1000003
311,101,COC1000004
301,102,APP1000001
347,102,APP1000002
314,102,APP1000003
300,102,APP1000004
331,102,PAS1000001
318,102,PAS1000002
341,102,PAS1000003
309,102,PAS1000004
309,102,SAL1000001
338,102,SAL1000002
325,102,SAL1000003
331,102,SAL1000004
333,102,CSF1000001
327,102,CSF1000002
327,102,CSF1000003
325,102,CSF1000004
331,102,POS1000001
331,102,POS1000002
341,102,POS1000003
350,102,POS1000004
347,102,BS10000001
312,102,BS10000002
337,102,BS10000003
330,102,BS10000004
335,102,BEV1000001
303,102,BEV1000002
327,102,BEV1000003
317,102,BEV1000004
316,102,COC1000001
331,102,COC1000002
331,102,COC1000003
327,102,COC1000004
326,103,APP1000001
347,103,APP1000002
323,103,APP1000003
316,103,APP1000004
342,103,PAS1000001
317,103,PAS1000002
317,103,PAS1000003
304,103,PAS1000004
321,103,SAL1000001
322,103,SAL1000002
350,103,SAL1000003
317,103,SAL1000004
303,103,CSF1000001
315,103,CSF1000002
348,103,CSF1000003
326,103,CSF1000004
350,103,POS1000001
325,103,POS1000002
326,103,POS1000003
308,103,POS1000004
331,103,BS10000001
340,103,BS10000002
339,103,BS10000003
333,103,BS10000004
305,103,BEV1000001
341,103,BEV1000002
306,103,BEV1000003
331,103,BEV1000004
338,103,COC1000001
304,103,COC1000002
318,103,COC1000003
349,103,COC1000004
304,104,APP1000001
301,104,APP1000002
338,104,APP1000003
312,104,APP1000004
304,104,PAS1000001
313,104,PAS1000002
315,104,PAS1000003
318,104,PAS1000004
334,104,SAL1000001
327,104,SAL1000002
317,104,SAL1000003
313,104,SAL1000004
335,104,CSF1000001
311,104,CSF1000002
318,104,CSF1000003
313,104,CSF1000004
340,104,POS1000001
346,104,POS1000002
333,104,POS1000003
304,104,POS1000004
337,104,BS10000001
342,104,BS10000002
321,104,BS10000003
346,104,BS10000004
313,104,BEV1000001
319,104,BEV1000002
348,104,BEV1000003
342,104,BEV1000004
322,104,COC1000001
341,104,COC1000002
345,104,COC1000003
336,104,COC1000004
337,105,APP1000001
316,105,APP1000002
330,105,APP1000003
323,105,APP1000004
334,105,PAS1000001
344,105,PAS1000002
346,105,PAS1000003
309,105,PAS1000004
329,105,SAL1000001
342,105,SAL1000002
338,105,SAL1000003
314,105,SAL1000004
342,105,CSF1000001
342,105,CSF1000002
342,105,CSF1000003
349,105,CSF1000004
337,105,POS1000001
339,105,POS1000002
309,105,POS1000003
344,105,POS1000004
336,105,BS10000001
350,105,BS10000002
349,105,BS10000003
303,105,BS10000004
330,105,BEV1000001
344,105,BEV1000002
309,105,BEV1000003
324,105,BEV1000004
334,105,COC1000001
322,105,COC1000002
328,105,COC1000003
325,105,COC1000004
321,106,APP1000001
323,106,APP1000002
344,106,APP1000003
311,106,APP1000004
313,106,PAS1000001
332,106,PAS1000002
337,106,PAS1000003
326,106,PAS1000004
341,106,SAL1000001
349,106,SAL1000002
322,106,SAL1000003
308,106,SAL1000004
335,106,CSF1000001
321,106,CSF1000002
305,106,CSF1000003
340,106,CSF1000004
312,106,POS1000001
301,106,POS1000002
348,106,POS1000003
326,106,POS1000004
318,106,BS10000001
300,106,BS10000002
332,106,BS10000003
326,106,BS10000004
345,106,BEV1000001
348,106,BEV1000002
342,106,BEV1000003
330,106,BEV1000004
306,106,COC1000001
343,106,COC1000002
325,106,COC1000003
337,106,COC1000004
344,107,APP1000001
309,107,APP1000002
315,107,APP1000003
317,107,APP1000004
303,107,PAS1000001
327,107,PAS1000002
306,107,PAS1000003
347,107,PAS1000004
305,107,SAL1000001
345,107,SAL1000002
307,107,SAL1000003
322,107,SAL1000004
347,107,CSF1000001
307,107,CSF1000002
311,107,CSF1000003
324,107,CSF1000004
311,107,POS1000001
346,107,POS1000002
327,107,POS1000003
306,107,POS1000004
345,107,BS10000001
309,107,BS10000002
321,107,BS10000003
304,107,BS10000004
323,107,BEV1000001
328,107,BEV1000002
346,107,BEV1000003
323,107,BEV1000004
345,107,COC1000001
337,107,COC1000002
314,107,COC1000003
338,107,COC1000004
334,108,APP1000001
337,108,APP1000002
330,108,APP1000003
308,108,APP1000004
335,108,PAS1000001
346,108,PAS1000002
347,108,PAS1000003
346,108,PAS1000004
341,108,SAL1000001
305,108,SAL1000002
305,108,SAL1000003
304,108,SAL1000004
345,108,CSF1000001
305,108,CSF1000002
347,108,CSF1000003
349,108,CSF1000004
340,108,POS1000001
331,108,POS1000002
307,108,POS1000003
319,108,POS1000004
343,108,BS10000001
306,108,BS10000002
339,108,BS10000003
338,108,BS10000004
325,108,BEV1000001
343,108,BEV1000002
315,108,BEV1000003
334,108,BEV1000004
325,108,COC1000001
312,108,COC1000002
349,108,COC1000003
325,108,COC1000004
317,109,APP1000001
323,109,APP1000002
342,109,APP1000003
302,109,APP1000004
349,109,PAS1000001
337,109,PAS1000002
309,109,PAS1000003
333,109,PAS1000004
328,109,SAL1000001
307,109,SAL1000002
328,109,SAL1000003
339,109,SAL1000004
346,109,CSF1000001
349,109,CSF1000002
319,109,CSF1000003
320,109,CSF1000004
310,109,POS1000001
335,109,POS1000002
337,109,POS1000003
316,109,POS1000004
341,109,BS10000001
308,109,BS10000002
341,109,BS10000003
306,109,BS10000004
310,109,BEV1000001
301,109,BEV1000002
338,109,BEV1000003
314,109,BEV1000004
328,109,COC1000001
335,109,COC1000002
332,109,COC1000003
319,109,COC1000004
313,110,APP1000001
323,110,APP1000002
306,110,APP1000003
300,110,APP1000004
343,110,PAS1000001
311,110,PAS1000002
328,110,PAS1000003
301,110,PAS1000004
339,110,SAL1000001
338,110,SAL1000002
307,110,SAL1000003
321,110,SAL1000004
329,110,CSF1000001
316,110,CSF1000002
315,110,CSF1000003
345,110,CSF1000004
331,110,POS1000001
326,110,POS1000002
301,110,POS1000003
327,110,POS1000004
338,110,BS10000001
338,110,BS10000002
322,110,BS10000003
325,110,BS10000004
313,110,BEV1000001
303,110,BEV1000002
340,110,BEV1000003
332,110,BEV1000004
344,110,COC1000001
347,110,COC1000002
318,110,COC1000003
332,110,COC1000004
308,111,APP1000001
317,111,APP1000002
309,111,APP1000003
313,111,APP1000004
324,111,PAS1000001
314,111,PAS1000002
325,111,PAS1000003
344,111,PAS1000004
309,111,SAL1000001
343,111,SAL1000002
314,111,SAL1000003
308,111,SAL1000004
313,111,CSF1000001
312,111,CSF1000002
325,111,CSF1000003
333,111,CSF1000004
300,111,POS1000001
318,111,POS1000002
340,111,POS1000003
338,111,POS1000004
342,111,BS10000001
327,111,BS10000002
310,111,BS10000003
303,111,BS10000004
303,111,BEV1000001
309,111,BEV1000002
304,111,BEV1000003
308,111,BEV1000004
332,111,COC1000001
305,111,COC1000002
338,111,COC1000003
308,111,COC1000004
338,112,APP1000001
308,112,APP1000002
340,112,APP1000003
310,112,APP1000004
344,112,PAS1000001
325,112,PAS1000002
300,112,PAS1000003
310,112,PAS1000004
310,112,SAL1000001
318,112,SAL1000002
309,112,SAL1000003
336,112,SAL1000004
335,112,CSF1000001
307,112,CSF1000002
330,112,CSF1000003
304,112,CSF1000004
301,112,POS1000001
304,112,POS1000002
330,112,POS1000003
338,112,POS1000004
307,112,BS10000001
318,112,BS10000002
319,112,BS10000003
344,112,BS10000004
319,112,BEV1000001
319,112,BEV1000002
338,112,BEV1000003
329,112,BEV1000004
329,112,COC1000001
311,112,COC1000002
335,112,COC1000003
328,112,COC1000004
330,113,APP1000001
328,113,APP1000002
315,113,APP1000003
330,113,APP1000004
330,113,PAS1000001
340,113,PAS1000002
330,113,PAS1000003
325,113,PAS1000004
300,113,SAL1000001
332,113,SAL1000002
336,113,SAL1000003
308,113,SAL1000004
302,113,CSF1000001
326,113,CSF1000002
343,113,CSF1000003
342,113,CSF1000004
342,113,POS1000001
345,113,POS1000002
303,113,POS1000003
303,113,POS1000004
330,113,BS10000001
307,113,BS10000002
326,113,BS10000003
316,113,BS10000004
305,113,BEV1000001
321,113,BEV1000002
311,113,BEV1000003
326,113,BEV1000004
304,113,COC1000001
336,113,COC1000002
336,113,COC1000003
312,113,COC1000004
322,114,APP1000001
326,114,APP1000002
337,114,APP1000003
345,114,APP1000004
339,114,PAS1000001
348,114,PAS1000002
300,114,PAS1000003
339,114,PAS1000004
339,114,SAL1000001
350,114,SAL1000002
335,114,SAL1000003
347,114,SAL1000004
316,114,CSF1000001
348,114,CSF1000002
324,114,CSF1000003
305,114,CSF1000004
332,114,POS1000001
339,114,POS1000002
347,114,POS1000003
319,114,POS1000004
313,114,BS10000001
336,114,BS10000002
305,114,BS10000003
325,114,BS10000004
309,114,BEV1000001
325,114,BEV1000002
346,114,BEV1000003
308,114,BEV1000004
343,114,COC1000001
342,114,COC1000002
347,114,COC1000003
321,114,COC1000004
344,115,APP1000001
331,115,APP1000002
314,115,APP1000003
314,115,APP1000004
341,115,PAS1000001
329,115,PAS1000002
317,115,PAS1000003
337,115,PAS1000004
307,115,SAL1000001
338,115,SAL1000002
350,115,SAL1000003
333,115,SAL1000004
316,115,CSF1000001
304,115,CSF1000002
346,115,CSF1000003
349,115,CSF1000004
304,115,POS1000001
331,115,POS1000002
307,115,POS1000003
340,115,POS1000004
346,115,BS10000001
332,115,BS10000002
308,115,BS10000003
348,115,BS10000004
301,115,BEV1000001
341,115,BEV1000002
336,115,BEV1000003
331,115,BEV1000004
304,115,COC1000001
344,115,COC1000002
304,115,COC1000003
315,115,COC1000004
308,116,APP1000001
301,116,APP1000002
306,116,APP1000003
312,116,APP1000004
334,116,PAS1000001
327,116,PAS1000002
321,116,PAS1000003
327,116,PAS1000004
340,116,SAL1000001
306,116,SAL1000002
306,116,SAL1000003
329,116,SAL1000004
304,116,CSF1000001
336,116,CSF1000002
306,116,CSF1000003
315,116,CSF1000004
328,116,POS1000001
314,116,POS1000002
328,116,POS1000003
328,116,POS1000004
333,116,BS10000001
306,116,BS10000002
318,116,BS10000003
346,116,BS10000004
347,116,BEV1000001
323,116,BEV1000002
300,116,BEV1000003
349,116,BEV1000004
303,116,COC1000001
306,116,COC1000002
347,116,COC1000003
349,116,COC1000004
338,117,APP1000001
311,117,APP1000002
313,117,APP1000003
300,117,APP1000004
341,117,PAS1000001
303,117,PAS1000002
306,117,PAS1000003
344,117,PAS1000004
328,117,SAL1000001
319,117,SAL1000002
321,117,SAL1000003
311,117,SAL1000004
308,117,CSF1000001
309,117,CSF1000002
330,117,CSF1000003
333,117,CSF1000004
323,117,POS1000001
320,117,POS1000002
311,117,POS1000003
322,117,POS1000004
318,117,BS10000001
348,117,BS10000002
302,117,BS10000003
323,117,BS10000004
343,117,BEV1000001
329,117,BEV1000002
344,117,BEV1000003
329,117,BEV1000004
349,117,COC1000001
331,117,COC1000002
338,117,COC1000003
338,117,COC1000004
328,118,APP1000001
344,118,APP1000002
306,118,APP1000003
323,118,APP1000004
301,118,PAS1000001
339,118,PAS1000002
324,118,PAS1000003
314,118,PAS1000004
305,118,SAL1000001
345,118,SAL1000002
303,118,SAL1000003
345,118,SAL1000004
305,118,CSF1000001
346,118,CSF1000002
339,118,CSF1000003
330,118,CSF1000004
341,118,POS1000001
320,118,POS1000002
347,118,POS1000003
344,118,POS1000004
333,118,BS10000001
345,118,BS10000002
342,118,BS10000003
332,118,BS10000004
303,118,BEV1000001
336,118,BEV1000002
313,118,BEV1000003
311,118,BEV1000004
322,118,COC1000001
311,118,COC1000002
306,118,COC1000003
334,118,COC1000004
323,119,APP1000001
308,119,APP1000002
329,119,APP1000003
322,119,APP1000004
338,119,PAS1000001
322,119,PAS1000002
305,119,PAS1000003
320,119,PAS1000004
346,119,SAL1000001
304,119,SAL1000002
317,119,SAL1000003
313,119,SAL1000004
315,119,CSF1000001
306,119,CSF1000002
311,119,CSF1000003
328,119,CSF1000004
335,119,POS1000001
304,119,POS1000002
301,119,POS1000003
347,119,POS1000004
327,119,BS10000001
320,119,BS10000002
345,119,BS10000003
316,119,BS10000004
318,119,BEV1000001
312,119,BEV1000002
328,119,BEV1000003
330,119,BEV1000004
340,119,COC1000001
302,119,COC1000002
327,119,COC1000003
314,119,COC1000004
338,120,APP1000001
320,120,APP1000002
344,120,APP1000003
342,120,APP1000004
327,120,PAS1000001
312,120,PAS1000002
329,120,PAS1000003
322,120,PAS1000004
326,120,SAL1000001
327,120,SAL1000002
349,120,SAL1000003
347,120,SAL1000004
310,120,CSF1000001
311,120,CSF1000002
332,120,CSF1000003
319,120,CSF1000004
319,120,POS1000001
305,120,POS1000002
327,120,POS1000003
304,120,POS1000004
304,120,BS10000001
339,120,BS10000002
337,120,BS10000003
301,120,BS10000004
303,120,BEV1000001
334,120,BEV1000002
342,120,BEV1000003
307,120,BEV1000004
318,120,COC1000001
317,120,COC1000002
336,120,COC1000003
346,120,COC1000004
321,121,APP1000001
341,121,APP1000002
318,121,APP1000003
325,121,APP1000004
336,121,PAS1000001
305,121,PAS1000002
345,121,PAS1000003
328,121,PAS1000004
313,121,SAL1000001
308,121,SAL1000002
347,121,SAL1000003
344,121,SAL1000004
342,121,CSF1000001
305,121,CSF1000002
320,121,CSF1000003
346,121,CSF1000004
320,121,POS1000001
313,121,POS1000002
334,121,POS1000003
320,121,POS1000004
322,121,BS10000001
323,121,BS10000002
343,121,BS10000003
333,121,BS10000004
316,121,BEV1000001
303,121,BEV1000002
321,121,BEV1000003
334,121,BEV1000004
350,121,COC1000001
301,121,COC1000002
328,121,COC1000003
342,121,COC1000004
327,122,APP1000001
346,122,APP1000002
315,122,APP1000003
307,122,APP1000004
320,122,PAS1000001
319,122,PAS1000002
329,122,PAS1000003
346,122,PAS1000004
322,122,SAL1000001
320,122,SAL1000002
338,122,SAL1000003
332,122,SAL1000004
334,122,CSF1000001
327,122,CSF1000002
334,122,CSF1000003
339,122,CSF1000004
342,122,POS1000001
325,122,POS1000002
311,122,POS1000003
311,122,POS1000004
316,122,BS10000001
337,122,BS10000002
342,122,BS10000003
337,122,BS10000004
302,122,BEV1000001
308,122,BEV1000002
302,122,BEV1000003
344,122,BEV1000004
319,122,COC1000001
306,122,COC1000002
335,122,COC1000003
301,122,COC1000004
301,123,APP1000001
349,123,APP1000002
330,123,APP1000003
340,123,APP1000004
344,123,PAS1000001
320,123,PAS1000002
332,123,PAS1000003
343,123,PAS1000004
338,123,SAL1000001
310,123,SAL1000002
346,123,SAL1000003
312,123,SAL1000004
300,123,CSF1000001
301,123,CSF1000002
330,123,CSF1000003
306,123,CSF1000004
341,123,POS1000001
313,123,POS1000002
333,123,POS1000003
346,123,POS1000004
305,123,BS10000001
324,123,BS10000002
315,123,BS10000003
309,123,BS10000004
346,123,BEV1000001
323,123,BEV1000002
313,123,BEV1000003
322,123,BEV1000004
349,123,COC1000001
346,123,COC1000002
312,123,COC1000003
329,123,COC1000004
346,124,APP1000001
331,124,APP1000002
313,124,APP1000003
321,124,APP1000004
344,124,PAS1000001
317,124,PAS1000002
306,124,PAS1000003
308,124,PAS1000004
334,124,SAL1000001
302,124,SAL1000002
309,124,SAL1000003
349,124,SAL1000004
326,124,CSF1000001
326,124,CSF1000002
344,124,CSF1000003
343,124,CSF1000004
310,124,POS1000001
313,124,POS1000002
322,124,POS1000003
347,124,POS1000004
300,124,BS10000001
347,124,BS10000002
300,124,BS10000003
344,124,BS10000004
338,124,BEV1000001
308,124,BEV1000002
308,124,BEV1000003
349,124,BEV1000004
339,124,COC1000001
332,124,COC1000002
315,124,COC1000003
338,124,COC1000004
314,125,APP1000001
318,125,APP1000002
304,125,APP1000003
314,125,APP1000004
346,125,PAS1000001
337,125,PAS1000002
304,125,PAS1000003
320,125,PAS1000004
348,125,SAL1000001
340,125,SAL1000002
306,125,SAL1000003
333,125,SAL1000004
312,125,CSF1000001
338,125,CSF1000002
314,125,CSF1000003
312,125,CSF1000004
345,125,POS1000001
331,125,POS1000002
308,125,POS1000003
344,125,POS1000004
330,125,BS10000001
343,125,BS10000002
314,125,BS10000003
319,125,BS10000004
303,125,BEV1000001
313,125,BEV1000002
308,125,BEV1000003
350,125,BEV1000004
336,125,COC1000001
306,125,COC1000002
310,125,COC1000003
318,125,COC1000004
318,126,APP1000001
321,126,APP1000002
345,126,APP1000003
322,126,APP1000004
335,126,PAS1000001
336,126,PAS1000002
320,126,PAS1000003
337,126,PAS1000004
306,126,SAL1000001
321,126,SAL1000002
323,126,SAL1000003
339,126,SAL1000004
307,126,CSF1000001
335,126,CSF1000002
330,126,CSF1000003
349,126,CSF1000004
329,126,POS1000001
304,126,POS1000002
342,126,POS1000003
306,126,POS1000004
321,126,BS10000001
314,126,BS10000002
346,126,BS10000003
321,126,BS10000004
343,126,BEV1000001
307,126,BEV1000002
344,126,BEV1000003
318,126,BEV1000004
334,126,COC1000001
350,126,COC1000002
324,126,COC1000003
326,126,COC1000004
337,127,APP1000001
335,127,APP1000002
324,127,APP1000003
318,127,APP1000004
302,127,PAS1000001
339,127,PAS1000002
315,127,PAS1000003
336,127,PAS1000004
322,127,SAL1000001
311,127,SAL1000002
305,127,SAL1000003
318,127,SAL1000004
305,127,CSF1000001
321,127,CSF1000002
324,127,CSF1000003
337,127,CSF1000004
345,127,POS1000001
319,127,POS1000002
311,127,POS1000003
311,127,POS1000004
347,127,BS10000001
344,127,BS10000002
322,127,BS10000003
328,127,BS10000004
338,127,BEV1000001
311,127,BEV1000002
335,127,BEV1000003
343,127,BEV1000004
341,127,COC1000001
330,127,COC1000002
349,127,COC1000003
331,127,COC1000004
347,128,APP1000001
322,128,APP1000002
309,128,APP1000003
317,128,APP1000004
326,128,PAS1000001
307,128,PAS1000002
320,128,PAS1000003
309,128,PAS1000004
315,128,SAL1000001
301,128,SAL1000002
336,128,SAL1000003
343,128,SAL1000004
322,128,CSF1000001
332,128,CSF1000002
326,128,CSF1000003
312,128,CSF1000004
315,128,POS1000001
320,128,POS1000002
303,128,POS1000003
336,128,POS1000004
307,128,BS10000001
318,128,BS10000002
342,128,BS10000003
345,128,BS10000004
320,128,BEV1000001
313,128,BEV1000002
339,128,BEV1000003
316,128,BEV1000004
344,128,COC1000001
347,128,COC1000002
308,128,COC1000003
302,128,COC1000004
337,129,APP1000001
326,129,APP1000002
308,129,APP1000003
302,129,APP1000004
317,129,PAS1000001
306,129,PAS1000002
309,129,PAS1000003
322,129,PAS1000004
325,129,SAL1000001
323,129,SAL1000002
305,129,SAL1000003
318,129,SAL1000004
306,129,CSF1000001
308,129,CSF1000002
339,129,CSF1000003
337,129,CSF1000004
314,129,POS1000001
327,129,POS1000002
341,129,POS1000003
316,129,POS1000004
350,129,BS10000001
328,129,BS10000002
347,129,BS10000003
322,129,BS10000004
340,129,BEV1000001
312,129,BEV1000002
335,129,BEV1000003
318,129,BEV1000004
339,129,COC1000001
330,129,COC1000002
327,129,COC1000003
347,129,COC1000004
316,130,APP1000001
350,130,APP1000002
336,130,APP1000003
338,130,APP1000004
324,130,PAS1000001
341,130,PAS1000002
315,130,PAS1000003
301,130,PAS1000004
319,130,SAL1000001
340,130,SAL1000002
305,130,SAL1000003
319,130,SAL1000004
302,130,CSF1000001
318,130,CSF1000002
301,130,CSF1000003
344,130,CSF1000004
328,130,POS1000001
332,130,POS1000002
340,130,POS1000003
302,130,POS1000004
331,130,BS10000001
334,130,BS10000002
326,130,BS10000003
306,130,BS10000004
309,130,BEV1000001
310,130,BEV1000002
339,130,BEV1000003
315,130,BEV1000004
305,130,COC1000001
305,130,COC1000002
311,130,COC1000003
319,130,COC1000004
305,131,APP1000001
331,131,APP1000002
318,131,APP1000003
328,131,APP1000004
337,131,PAS1000001
308,131,PAS1000002
326,131,PAS1000003
336,131,PAS1000004
348,131,SAL1000001
338,131,SAL1000002
340,131,SAL1000003
323,131,SAL1000004
303,131,CSF1000001
311,131,CSF1000002
318,131,CSF1000003
331,131,CSF1000004
314,131,POS1000001
305,131,POS1000002
314,131,POS1000003
305,131,POS1000004
348,131,BS10000001
303,131,BS10000002
342,131,BS10000003
331,131,BS10000004
305,131,BEV1000001
327,131,BEV1000002
339,131,BEV1000003
347,131,BEV1000004
329,131,COC1000001
309,131,COC1000002
348,131,COC1000003
340,131,COC1000004
331,132,APP1000001
315,132,APP1000002
326,132,APP1000003
307,132,APP1000004
306,132,PAS1000001
345,132,PAS1000002
301,132,PAS1000003
337,132,PAS1000004
330,132,SAL1000001
301,132,SAL1000002
319,132,SAL1000003
319,132,SAL1000004
319,132,CSF1000001
321,132,CSF1000002
335,132,CSF1000003
320,132,CSF1000004
318,132,POS1000001
323,132,POS1000002
326,132,POS1000003
306,132,POS1000004
342,132,BS10000001
322,132,BS10000002
330,132,BS10000003
348,132,BS10000004
341,132,BEV1000001
320,132,BEV1000002
345,132,BEV1000003
322,132,BEV1000004
340,132,COC1000001
314,132,COC1000002
345,132,COC1000003
302,132,COC1000004
317,133,APP1000001
302,133,APP1000002
311,133,APP1000003
306,133,APP1000004
338,133,PAS1000001
315,133,PAS1000002
350,133,PAS1000003
306,133,PAS1000004
302,133,SAL1000001
321,133,SAL1000002
304,133,SAL1000003
340,133,SAL1000004
324,133,CSF1000001
328,133,CSF1000002
300,133,CSF1000003
304,133,CSF1000004
329,133,POS1000001
330,133,POS1000002
316,133,POS1000003
306,133,POS1000004
348,133,BS10000001
327,133,BS10000002
339,133,BS10000003
304,133,BS10000004
315,133,BEV1000001
309,133,BEV1000002
312,133,BEV1000003
343,133,BEV1000004
343,133,COC1000001
316,133,COC1000002
344,133,COC1000003
317,133,COC1000004
312,134,APP1000001
347,134,APP1000002
307,134,APP1000003
303,134,APP1000004
320,134,PAS1000001
328,134,PAS1000002
325,134,PAS1000003
316,134,PAS1000004
300,134,SAL1000001
304,134,SAL1000002
333,134,SAL1000003
348,134,SAL1000004
318,134,CSF1000001
316,134,CSF1000002
341,134,CSF1000003
347,134,CSF1000004
321,134,POS1000001
324,134,POS1000002
301,134,POS1000003
318,134,POS1000004
303,134,BS10000001
305,134,BS10000002
316,134,BS10000003
350,134,BS10000004
321,134,BEV1000001
306,134,BEV1000002
328,134,BEV1000003
314,134,BEV1000004
338,134,COC1000001
301,134,COC1000002
348,134,COC1000003
326,134,COC1000004
340,135,APP1000001
341,135,APP1000002
325,135,APP1000003
315,135,APP1000004
304,135,PAS1000001
339,135,PAS1000002
333,135,PAS1000003
311,135,PAS1000004
338,135,SAL1000001
324,135,SAL1000002
327,135,SAL1000003
313,135,SAL1000004
334,135,CSF1000001
308,135,CSF1000002
344,135,CSF1000003
325,135,CSF1000004
350,135,POS1000001
300,135,POS1000002
335,135,POS1000003
304,135,POS1000004
314,135,BS10000001
342,135,BS10000002
327,135,BS10000003
318,135,BS10000004
340,135,BEV1000001
312,135,BEV1000002
345,135,BEV1000003
330,135,BEV1000004
338,135,COC1000001
334,135,COC1000002
329,135,COC1000003
347,135,COC1000004
333,136,APP1000001
306,136,APP1000002
320,136,APP1000003
333,136,APP1000004
341,136,PAS1000001
316,136,PAS1000002
328,136,PAS1000003
340,136,PAS1000004
344,136,SAL1000001
350,136,SAL1000002
310,136,SAL1000003
339,136,SAL1000004
327,136,CSF1000001
347,136,CSF1000002
304,136,CSF1000003
323,136,CSF1000004
306,136,POS1000001
341,136,POS1000002
334,136,POS1000003
302,136,POS1000004
324,136,BS10000001
309,136,BS10000002
320,136,BS10000003
327,136,BS10000004
350,136,BEV1000001
313,136,BEV1000002
321,136,BEV1000003
333,136,BEV1000004
308,136,COC1000001
347,136,COC1000002
328,136,COC1000003
330,136,COC1000004
328,137,APP1000001
333,137,APP1000002
319,137,APP1000003
337,137,APP1000004
348,137,PAS1000001
313,137,PAS1000002
313,137,PAS1000003
302,137,PAS1000004
322,137,SAL1000001
309,137,SAL1000002
340,137,SAL1000003
330,137,SAL1000004
313,137,CSF1000001
336,137,CSF1000002
343,137,CSF1000003
343,137,CSF1000004
312,137,POS1000001
321,137,POS1000002
320,137,POS1000003
300,137,POS1000004
315,137,BS10000001
341,137,BS10000002
328,137,BS10000003
349,137,BS10000004
329,137,BEV1000001
338,137,BEV1000002
309,137,BEV1000003
322,137,BEV1000004
325,137,COC1000001
318,137,COC1000002
317,137,COC1000003
332,137,COC1000004
302,138,APP1000001
341,138,APP1000002
316,138,APP1000003
311,138,APP1000004
349,138,PAS1000001
344,138,PAS1000002
314,138,PAS1000003
330,138,PAS1000004
344,138,SAL1000001
302,138,SAL1000002
300,138,SAL1000003
345,138,SAL1000004
336,138,CSF1000001
349,138,CSF1000002
312,138,CSF1000003
350,138,CSF1000004
323,138,POS1000001
319,138,POS1000002
314,138,POS1000003
342,138,POS1000004
345,138,BS10000001
331,138,BS10000002
321,138,BS10000003
335,138,BS10000004
333,138,BEV1000001
322,138,BEV1000002
319,138,BEV1000003
344,138,BEV1000004
346,138,COC1000001
330,138,COC1000002
301,138,COC1000003
327,138,COC1000004
325,139,APP1000001
312,139,APP1000002
317,139,APP1000003
314,139,APP1000004
301,139,PAS1000001
345,139,PAS1000002
333,139,PAS1000003
320,139,PAS1000004
340,139,SAL1000001
344,139,SAL1000002
322,139,SAL1000003
346,139,SAL1000004
312,139,CSF1000001
327,139,CSF1000002
303,139,CSF1000003
315,139,CSF1000004
342,139,POS1000001
342,139,POS1000002
330,139,POS1000003
326,139,POS1000004
336,139,BS10000001
342,139,BS10000002
303,139,BS10000003
312,139,BS10000004
323,139,BEV1000001
341,139,BEV1000002
301,139,BEV1000003
323,139,BEV1000004
314,139,COC1000001
339,139,COC1000002
329,139,COC1000003
332,139,COC1000004
301,140,APP1000001
317,140,APP1000002
348,140,APP1000003
325,140,APP1000004
334,140,PAS1000001
341,140,PAS1000002
310,140,PAS1000003
335,140,PAS1000004
334,140,SAL1000001
343,140,SAL1000002
321,140,SAL1000003
335,140,SAL1000004
309,140,CSF1000001
343,140,CSF1000002
306,140,CSF1000003
345,140,CSF1000004
321,140,POS1000001
327,140,POS1000002
340,140,POS1000003
329,140,POS1000004
305,140,BS10000001
312,140,BS10000002
320,140,BS10000003
311,140,BS10000004
318,140,BEV1000001
333,140,BEV1000002
316,140,BEV1000003
328,140,BEV1000004
348,140,COC1000001
337,140,COC1000002
349,140,COC1000003
312,140,COC1000004
310,141,APP1000001
328,141,APP1000002
300,141,APP1000003
331,141,APP1000004
334,141,PAS1000001
332,141,PAS1000002
308,141,PAS1000003
345,141,PAS1000004
321,141,SAL1000001
313,141,SAL1000002
340,141,SAL1000003
330,141,SAL1000004
329,141,CSF1000001
342,141,CSF1000002
336,141,CSF1000003
337,141,CSF1000004
337,141,POS1000001
311,141,POS1000002
313,141,POS1000003
304,141,POS1000004
328,141,BS10000001
348,141,BS10000002
311,141,BS10000003
337,141,BS10000004
308,141,BEV1000001
305,141,BEV1000002
324,141,BEV1000003
322,141,BEV1000004
337,141,COC1000001
316,141,COC1000002
301,141,COC1000003
345,141,COC1000004
313,142,APP1000001
313,142,APP1000002
314,142,APP1000003
304,142,APP1000004
316,142,PAS1000001
300,142,PAS1000002
307,142,PAS1000003
301,142,PAS1000004
338,142,SAL1000001
310,142,SAL1000002
330,142,SAL1000003
310,142,SAL1000004
320,142,CSF1000001
312,142,CSF1000002
346,142,CSF1000003
349,142,CSF1000004
335,142,POS1000001
302,142,POS1000002
343,142,POS1000003
335,142,POS1000004
343,142,BS10000001
318,142,BS10000002
318,142,BS10000003
344,142,BS10000004
341,142,BEV1000001
337,142,BEV1000002
335,142,BEV1000003
300,142,BEV1000004
309,142,COC1000001
322,142,COC1000002
307,142,COC1000003
336,142,COC1000004
330,143,APP1000001
322,143,APP1000002
334,143,APP1000003
348,143,APP1000004
337,143,PAS1000001
317,143,PAS1000002
335,143,PAS1000003
348,143,PAS1000004
305,143,SAL1000001
322,143,SAL1000002
310,143,SAL1000003
349,143,SAL1000004
315,143,CSF1000001
339,143,CSF1000002
337,143,CSF1000003
349,143,CSF1000004
342,143,POS1000001
305,143,POS1000002
318,143,POS1000003
350,143,POS1000004
318,143,BS10000001
321,143,BS10000002
317,143,BS10000003
341,143,BS10000004
336,143,BEV1000001
338,143,BEV1000002
306,143,BEV1000003
320,143,BEV1000004
329,143,COC1000001
342,143,COC1000002
337,143,COC1000003
335,143,COC1000004
321,144,APP1000001
337,144,APP1000002
316,144,APP1000003
333,144,APP1000004
320,144,PAS1000001
330,144,PAS1000002
312,144,PAS1000003
338,144,PAS1000004
305,144,SAL1000001
316,144,SAL1000002
340,144,SAL1000003
349,144,SAL1000004
336,144,CSF1000001
303,144,CSF1000002
334,144,CSF1000003
347,144,CSF1000004
307,144,POS1000001
325,144,POS1000002
314,144,POS1000003
310,144,POS1000004
311,144,BS10000001
332,144,BS10000002
318,144,BS10000003
343,144,BS10000004
312,144,BEV1000001
333,144,BEV1000002
319,144,BEV1000003
301,144,BEV1000004
324,144,COC1000001
328,144,COC1000002
341,144,COC1000003
311,144,COC1000004
350,145,APP1000001
326,145,APP1000002
311,145,APP1000003
334,145,APP1000004
317,145,PAS1000001
311,145,PAS1000002
328,145,PAS1000003
306,145,PAS1000004
342,145,SAL1000001
341,145,SAL1000002
339,145,SAL1000003
339,145,SAL1000004
341,145,CSF1000001
330,145,CSF1000002
324,145,CSF1000003
348,145,CSF1000004
338,145,POS1000001
312,145,POS1000002
337,145,POS1000003
339,145,POS1000004
347,145,BS10000001
350,145,BS10000002
332,145,BS10000003
318,145,BS10000004
332,145,BEV1000001
317,145,BEV1000002
315,145,BEV1000003
317,145,BEV1000004
304,145,COC1000001
317,145,COC1000002
348,145,COC1000003
324,145,COC1000004
310,146,APP1000001
310,146,APP1000002
320,146,APP1000003
326,146,APP1000004
315,146,PAS1000001
307,146,PAS1000002
301,146,PAS1000003
324,146,PAS1000004
334,146,SAL1000001
345,146,SAL1000002
343,146,SAL1000003
339,146,SAL1000004
323,146,CSF1000001
347,146,CSF1000002
306,146,CSF1000003
350,146,CSF1000004
317,146,POS1000001
305,146,POS1000002
316,146,POS1000003
302,146,POS1000004
322,146,BS10000001
303,146,BS10000002
332,146,BS10000003
339,146,BS10000004
337,146,BEV1000001
319,146,BEV1000002
305,146,BEV1000003
338,146,BEV1000004
334,146,COC1000001
334,146,COC1000002
306,146,COC1000003
339,146,COC1000004
347,147,APP1000001
339,147,APP1000002
336,147,APP1000003
302,147,APP1000004
311,147,PAS1000001
318,147,PAS1000002
341,147,PAS1000003
332,147,PAS1000004
325,147,SAL1000001
309,147,SAL1000002
332,147,SAL1000003
303,147,SAL1000004
338,147,CSF1000001
305,147,CSF1000002
316,147,CSF1000003
303,147,CSF1000004
309,147,POS1000001
347,147,POS1000002
305,147,POS1000003
333,147,POS1000004
349,147,BS10000001
310,147,BS10000002
330,147,BS10000003
314,147,BS10000004
318,147,BEV1000001
314,147,BEV1000002
331,147,BEV1000003
335,147,BEV1000004
313,147,COC1000001
302,147,COC1000002
332,147,COC1000003
321,147,COC1000004
330,148,APP1000001
344,148,APP1000002
332,148,APP1000003
335,148,APP1000004
318,148,PAS1000001
304,148,PAS1000002
325,148,PAS1000003
350,148,PAS1000004
338,148,SAL1000001
308,148,SAL1000002
301,148,SAL1000003
340,148,SAL1000004
309,148,CSF1000001
330,148,CSF1000002
318,148,CSF1000003
318,148,CSF1000004
301,148,POS1000001
311,148,POS1000002
331,148,POS1000003
337,148,POS1000004
347,148,BS10000001
331,148,BS10000002
326,148,BS10000003
328,148,BS10000004
311,148,BEV1000001
311,148,BEV1000002
304,148,BEV1000003
318,148,BEV1000004
333,148,COC1000001
302,148,COC1000002
317,148,COC1000003
340,148,COC1000004
334,149,APP1000001
337,149,APP1000002
329,149,APP1000003
334,149,APP1000004
329,149,PAS1000001
310,149,PAS1000002
318,149,PAS1000003
349,149,PAS1000004
323,149,SAL1000001
341,149,SAL1000002
339,149,SAL1000003
306,149,SAL1000004
347,149,CSF1000001
340,149,CSF1000002
327,149,CSF1000003
309,149,CSF1000004
302,149,POS1000001
304,149,POS1000002
334,149,POS1000003
348,149,POS1000004
330,149,BS10000001
309,149,BS10000002
334,149,BS10000003
312,149,BS10000004
314,149,BEV1000001
312,149,BEV1000002
332,149,BEV1000003
340,149,BEV1000004
335,149,COC1000001
307,149,COC1000002
308,149,COC1000003
302,149,COC1000004
338,150,APP1000001
348,150,APP1000002
341,150,APP1000003
316,150,APP1000004
318,150,PAS1000001
313,150,PAS1000002
343,150,PAS1000003
341,150,PAS1000004
325,150,SAL1000001
343,150,SAL1000002
329,150,SAL1000003
310,150,SAL1000004
301,150,CSF1000001
333,150,CSF1000002
314,150,CSF1000003
332,150,CSF1000004
337,150,POS1000001
315,150,POS1000002
317,150,POS1000003
318,150,POS1000004
312,150,BS10000001
348,150,BS10000002
335,150,BS10000003
327,150,BS10000004
301,150,BEV1000001
340,150,BEV1000002
346,150,BEV1000003
301,150,BEV1000004
333,150,COC1000001
334,150,COC1000002
306,150,COC1000003
306,150,COC1000004